"Region","Risk_Type","center_year","start_year","end_year","best_horizon","rolling_predictive_capacity","rolling_predictive_capacity_se","rolling_predictive_capacity_p","rolling_past_at_best_horizon","rolling_past_at_best_horizon_se","rolling_past_at_best_horizon_p","rolling_anticipatory_skill","n_future","n_past"
"Global","Geophysical",2006,2003,2009,NA,NA,NA,NA,NA,NA,NA,NA,NA,NA
"Global","Geophysical",2007,2004,2010,NA,NA,NA,NA,NA,NA,NA,NA,NA,NA
"Global","Geophysical",2008,2005,2011,2,0.266965167674194,0.0821292701296275,0.0474698195205885,-0.064973575365597,0.164663834196454,0.719528983363708,0.331938743039791,5,5
"Global","Geophysical",2009,2006,2012,2,0.252850828513038,0.0665163241227747,0.0190817353719039,-0.0217918898453772,0.138057986671822,0.882226065541105,0.274642718358415,6,6
"Global","Geophysical",2010,2007,2013,1,0.249765423524793,0.108397870280873,0.0694116242393386,0.188157130440934,0.119473003631022,0.176098515736404,0.0616082930838594,7,7
"Global","Geophysical",2011,2008,2014,1,0.224532347566825,0.11843377591932,0.116482453269056,0.298900335990767,0.0845205733290814,0.0166257423997793,-0.0743679884239418,7,7
"Global","Geophysical",2012,2009,2015,1,0.0980660754177563,0.140234253397937,0.515549455273,0.264837365728431,0.102902874483591,0.0498134042520311,-0.166771290310675,7,7
"Global","Geophysical",2013,2010,2016,5,-0.173251959616223,0.0856182620279523,0.0989226661605648,0.0902230537285812,0.0414960638201277,0.0817029916143585,-0.263475013344804,7,7
"Global","Geophysical",2014,2011,2017,5,-0.102075568003279,0.136093281215342,0.487001530716291,0.0711604745389749,0.0981717318160445,0.50102863523843,-0.173236042542254,7,7
"Global","Geophysical",2015,2012,2018,5,0.0535331064733628,0.134810000758977,0.707677373126836,0.0176741305050623,0.095489155374593,0.860431825168454,0.0358589759683005,7,7
"Global","Geophysical",2016,2013,2019,4,0.117137570133361,0.231312046585194,0.634105961896797,-0.205838080110677,0.141351013251805,0.205107137537221,0.322975650244039,7,7
"Global","Geophysical",2017,2014,2020,4,0.29384920827012,0.374416533341928,0.468096307292418,-0.406051730168709,0.293944001614866,0.225700942443385,0.699900938438829,7,7
"Global","Geophysical",2018,2015,2021,5,0.281015081860428,0.30245137005759,0.395468499482419,0.148119139896633,0.280630298586616,0.620207367894373,0.132895941963796,7,7
"Global","Geophysical",2019,2016,2022,5,0.27704580771295,0.3111539608597,0.423575301127309,0.153443323189523,0.258609127271954,0.584876823891931,0.123602484523427,6,6
"Global","Geophysical",2020,2017,2023,5,0.275525076913652,0.355927435706129,0.495276578798576,0.160913672323346,0.173750139265775,0.422692422654932,0.114611404590306,5,5
"Global","Geophysical",2021,2018,2024,NA,NA,NA,NA,NA,NA,NA,NA,NA,NA
"Global","Climate",2006,2003,2009,NA,NA,NA,NA,NA,NA,NA,NA,NA,NA
"Global","Climate",2007,2004,2010,5,-0.283995929551813,0.125552406802497,0.108727795477035,0.0250400766873134,0.0904926812040052,0.79997368671117,-0.309036006239126,5,5
"Global","Climate",2008,2005,2011,5,-0.322866054386323,0.10328192383364,0.0353191068182446,-0.0398341739300985,0.0931314216511551,0.690876669125784,-0.283031880456225,6,6
"Global","Climate",2009,2006,2012,5,-0.334969476640604,0.0915864046632183,0.0146343783410822,-0.0882663555690298,0.114638524071442,0.476110798145426,-0.246703121071574,7,7
"Global","Climate",2010,2007,2013,5,-0.307759526274192,0.130994201242977,0.0656079498252477,-0.354682806609407,0.234024987872273,0.190061866621634,0.0469232803352154,7,7
"Global","Climate",2011,2008,2014,5,0.0029284184043105,0.134023753752772,0.983412774931632,-0.576977272939491,0.321396169048071,0.132570704987978,0.579905691343801,7,7
"Global","Climate",2012,2009,2015,5,0.189867864472964,0.167132333682507,0.307443431854045,-0.559200236150957,0.258561539105378,0.0829000137848577,0.749068100623921,7,7
"Global","Climate",2013,2010,2016,5,0.639446565017176,0.256290521821704,0.0548240266706807,-0.991059563084782,0.339315269613047,0.0329844928413562,1.63050612810196,7,7
"Global","Climate",2014,2011,2017,5,1.00238644969673,0.238285415820051,0.00843527050844286,-0.628612005393502,0.200362270699385,0.0257423475189131,1.63099845509023,7,7
"Global","Climate",2015,2012,2018,5,1.08732934157847,0.223648361609363,0.00462594607976632,-0.458315488025081,0.110325020568475,0.00887358425551064,1.54564482960355,7,7
"Global","Climate",2016,2013,2019,4,1.82111775915822,0.378243697724487,0.00482098539121403,-0.0460773616936852,0.188978602012592,0.817056215832217,1.8671951208519,7,7
"Global","Climate",2017,2014,2020,3,2.65372015999088,0.881445968401938,0.0297336245329291,0.627704034021982,0.455168237879991,0.226373171898868,2.0260161259689,7,7
"Global","Climate",2018,2015,2021,3,2.67472700160962,0.992911086578283,0.043101126149619,-0.759908921714887,0.856079840193568,0.41537602254564,3.43463592332451,7,7
"Global","Climate",2019,2016,2022,3,2.42210854120985,1.19381761524668,0.11235627177096,-1.15439441105772,0.955537963389663,0.293544274655605,3.57650295226756,6,6
"Global","Climate",2020,2017,2023,4,2.03015043735438,0.838848331606477,0.0941550990901767,-1.71353845745235,0.594868290317939,0.0635013256793063,3.74368889480672,5,5
"Global","Climate",2021,2018,2024,NA,NA,NA,NA,NA,NA,NA,NA,NA,NA
"Global","Diseases",2006,2003,2009,NA,NA,NA,NA,NA,NA,NA,NA,NA,NA
"Global","Diseases",2007,2004,2010,1,0.852813908545097,0.807278856650184,0.368330044369865,1.3439894114303,0.621942882720968,0.11946841766046,-0.4911755028852,5,5
"Global","Diseases",2008,2005,2011,1,0.279566521715347,0.695558743899572,0.708284982777817,0.773742910625287,0.592216384780555,0.261432760526863,-0.49417638890994,6,6
"Global","Diseases",2009,2006,2012,1,0.0399880418916867,0.612583670178956,0.950482503951321,0.483223317902237,0.559516055740041,0.427260504082011,-0.44323527601055,7,7
"Global","Diseases",2010,2007,2013,1,-0.369389633969271,0.645758017243875,0.592061635898372,0.173114976442916,0.662886156081095,0.804389743645291,-0.542504610412188,7,7
"Global","Diseases",2011,2008,2014,5,-0.722338954560174,0.0954586695325247,0.000639237090258461,0.274957623022159,0.172054087979309,0.170915627235936,-0.997296577582333,7,7
"Global","Diseases",2012,2009,2015,5,0.0412427667666756,0.499686404451376,0.937421815743213,-0.300308233356771,0.230378275365908,0.249179649385389,0.341551000123446,7,7
"Global","Diseases",2013,2010,2016,5,0.415804385798575,1.25626010220697,0.754075817761975,-0.405309639572153,0.479827444383035,0.436819786857327,0.821114025370729,7,7
"Global","Diseases",2014,2011,2017,5,0.852908619772011,1.74407622532759,0.645514707030886,-0.464849682038692,0.518001852374984,0.410635682076928,1.3177583018107,7,7
"Global","Diseases",2015,2012,2018,5,0.219387993854295,2.06451816708125,0.919503184661902,-0.398635414544966,0.494325370415998,0.456625667397042,0.618023408399261,7,7
"Global","Diseases",2016,2013,2019,5,-0.066268738667772,2.33796992475968,0.978483884766812,-0.444671668714087,0.417767240851095,0.3358265273382,0.378402930046315,7,7
"Global","Diseases",2017,2014,2020,5,-1.20574221456805,2.14166337209415,0.597747448635966,-1.06434373314825,0.357883057740799,0.0310137212889595,-0.141398481419795,7,7
"Global","Diseases",2018,2015,2021,1,0.638846917905513,1.82057038615443,0.739960881353124,1.886917988327,1.35862490411572,0.223565283118412,-1.24807107042148,7,7
"Global","Diseases",2019,2016,2022,1,0.947926624957994,1.91581028545565,0.646692103860576,2.16726129870867,1.3694274784863,0.188677517087373,-1.21933467375068,6,6
"Global","Diseases",2020,2017,2023,1,0.763092638078843,2.02288476866154,0.731107247734079,2.07268038965595,1.51879778580913,0.265695908198784,-1.30958775157711,5,5
"Global","Diseases",2021,2018,2024,NA,NA,NA,NA,NA,NA,NA,NA,NA,NA
"Global","Food",2006,2003,2009,NA,NA,NA,NA,NA,NA,NA,NA,NA,NA
"Global","Food",2007,2004,2010,3,-0.387584159950115,0.637000702446329,0.585863306462168,0.110612486741376,0.305507454670117,0.741307229370269,-0.498196646691491,5,5
"Global","Food",2008,2005,2011,3,-0.417142962583636,0.49608312293408,0.447747743267981,-0.17655482028112,0.376671215204822,0.663671214885522,-0.240588142302517,6,6
"Global","Food",2009,2006,2012,5,-0.38531064774572,0.146490457957031,0.0465176698033711,-0.167355260672545,0.196558843250693,0.433407168653917,-0.217955387073175,7,7
"Global","Food",2010,2007,2013,3,1.06153777161576,0.638134109041178,0.157097332243126,-1.02953964714264,0.383568447673163,0.0436050167770493,2.0910774187584,7,7
"Global","Food",2011,2008,2014,3,1.06592728284207,0.698975536060289,0.2019509347682,-0.943863224030288,0.424296977149476,0.076689886001759,2.00979050687236,6,7
"Global","Food",2012,2009,2015,3,1.09561191106949,0.793077778548411,0.261043353709328,-1.03962777961322,0.193394060208031,0.00300080130364026,2.13523969068272,5,7
"Global","Food",2013,2010,2016,NA,NA,NA,NA,NA,NA,NA,NA,NA,NA
"Global","Food",2014,2011,2017,NA,NA,NA,NA,NA,NA,NA,NA,NA,NA
"Global","Food",2015,2012,2018,NA,NA,NA,NA,NA,NA,NA,NA,NA,NA
"Global","Food",2016,2013,2019,NA,NA,NA,NA,NA,NA,NA,NA,NA,NA
"Global","Food",2017,2014,2020,NA,NA,NA,NA,NA,NA,NA,NA,NA,NA
"Global","Food",2018,2015,2021,NA,NA,NA,NA,NA,NA,NA,NA,NA,NA
"Global","Food",2019,2016,2022,NA,NA,NA,NA,NA,NA,NA,NA,NA,NA
"Global","Food",2020,2017,2023,NA,NA,NA,NA,NA,NA,NA,NA,NA,NA
"Global","Food",2021,2018,2024,NA,NA,NA,NA,NA,NA,NA,NA,NA,NA
"Global","Economic",2006,2003,2009,NA,NA,NA,NA,NA,NA,NA,NA,NA,NA
"Global","Economic",2007,2004,2010,1,-0.0809192718663532,0.246759392607996,0.764519490319374,0.198406527766447,0.186961032001783,0.366455108208127,-0.2793257996328,5,5
"Global","Economic",2008,2005,2011,1,-0.068553858250822,0.238571317716745,0.788114984875749,0.210129997657421,0.190725971652569,0.332411139159696,-0.278683855908243,6,6
"Global","Economic",2009,2006,2012,1,-0.101503964946509,0.262842538378175,0.715251276611107,0.188746645416668,0.197310503481046,0.382702684336862,-0.290250610363177,7,7
"Global","Economic",2010,2007,2013,5,-0.23306241778892,0.166066737629776,0.219441455911773,-0.102603239241953,0.11664741219066,0.419335444346666,-0.130459178546967,7,7
"Global","Economic",2011,2008,2014,2,0.0815243111568985,0.360692861040783,0.83013352462354,0.56727178246656,0.308620352972336,0.125455494393397,-0.485747471309661,7,7
"Global","Economic",2012,2009,2015,2,0.294572466484058,0.19047376463243,0.182646772037104,0.745374758691063,0.285817474002634,0.0477926268923487,-0.450802292207005,7,7
"Global","Economic",2013,2010,2016,5,0.195638754733854,0.194456829245482,0.360555112029243,0.271388809234066,0.251717496749218,0.33021104084008,-0.0757500545002122,7,7
"Global","Economic",2014,2011,2017,5,-0.597497428974038,0.681265806878338,0.420599884816608,-0.43890512987005,0.778070091380636,0.597052396050374,-0.158592299103988,7,7
"Global","Economic",2015,2012,2018,5,0.427985685765794,0.933432505206331,0.665828176633553,0.504944878548689,0.843538151300323,0.575521336885167,-0.0769591927828941,7,7
"Global","Economic",2016,2013,2019,1,1.0530102092054,1.80938523976419,0.585838026575565,1.66993106930314,0.872470245916362,0.113797058098883,-0.616920860097735,7,7
"Global","Economic",2017,2014,2020,1,1.19746900012407,2.20396563121932,0.61576779515419,2.86172383871673,1.37979600391987,0.0927643567764463,-1.66425483859266,6,7
"Global","Economic",2018,2015,2021,1,5.49660098930197,2.13990488730267,0.0825922203781605,4.81730032101958,1.20173642268551,0.016014985282288,0.679300668282393,5,6
"Global","Economic",2019,2016,2022,NA,NA,NA,NA,NA,NA,NA,NA,NA,NA
"Global","Economic",2020,2017,2023,NA,NA,NA,NA,NA,NA,NA,NA,NA,NA
"Global","Economic",2021,2018,2024,NA,NA,NA,NA,NA,NA,NA,NA,NA,NA
"Global","GeoConflict",2006,2003,2009,NA,NA,NA,NA,NA,NA,NA,NA,NA,NA
"Global","GeoConflict",2007,2004,2010,NA,NA,NA,NA,NA,NA,NA,NA,NA,NA
"Global","GeoConflict",2008,2005,2011,NA,NA,NA,NA,NA,NA,NA,NA,NA,NA
"Global","GeoConflict",2009,2006,2012,NA,NA,NA,NA,NA,NA,NA,NA,NA,NA
"Global","GeoConflict",2010,2007,2013,5,3.11153626676633,1.3412350298334,0.103093246004243,0.50314287022877,0.190935512054068,0.0779799143380042,2.60839339653756,5,5
"Global","GeoConflict",2011,2008,2014,5,-0.90548429714288,1.54190725556634,0.598307199098296,-0.506662128102413,0.250842915574717,0.136677536850293,-0.398822169040467,5,5
"Global","GeoConflict",2012,2009,2015,2,0.414853188182306,0.808017480019461,0.643076407316426,0.755190093933708,0.709930947180669,0.365472138770302,-0.340336905751402,5,5
"Global","GeoConflict",2013,2010,2016,2,0.553021907669185,0.665374674329595,0.45262650355105,1.03752350702408,0.658221671841599,0.190095621910943,-0.484501599354895,6,6
"Global","GeoConflict",2014,2011,2017,2,0.715152750478274,0.662698388313927,0.329803972636526,1.21607940284403,0.673604515816173,0.130856387774479,-0.500926652365761,7,7
"Global","GeoConflict",2015,2012,2018,2,0.21384355017861,0.567961914553129,0.721986035933272,0.840951362204436,0.756307032308551,0.316757860491762,-0.627107812025826,7,7
"Global","GeoConflict",2016,2013,2019,5,-0.00295742645092209,0.37575266153701,0.994024553535504,-0.00950508699704665,0.685821835291379,0.989478153603828,0.00654766054612457,7,7
"Global","GeoConflict",2017,2014,2020,5,-0.16862596787577,0.288066703869078,0.583719840359112,-0.355719394145637,0.596453756403815,0.576887409627583,0.187093426269867,7,7
"Global","GeoConflict",2018,2015,2021,5,-0.506120141077433,0.0810136256689866,0.00153967532886081,-1.05224770351304,0.129039497909558,0.000450586354894738,0.546127562435603,7,7
"Global","GeoConflict",2019,2016,2022,5,-0.47032932553772,0.109363397787222,0.0126395170669941,-1.01478385301799,0.177823860093803,0.00466185987173503,0.544454527480273,6,6
"Global","GeoConflict",2020,2017,2023,5,-0.312464863999286,0.036724509730273,0.00340995768450988,-0.819753052993066,0.172334796000419,0.0176369392179199,0.507288188993779,5,5
"Global","GeoConflict",2021,2018,2024,NA,NA,NA,NA,NA,NA,NA,NA,NA,NA
"Global","Terror",2006,2003,2009,NA,NA,NA,NA,NA,NA,NA,NA,NA,NA
"Global","Terror",2007,2004,2010,1,-0.0617595452040689,0.187748957503875,0.76382107342901,-0.218353022692777,0.218349100143779,0.390994790730122,0.156593477488708,5,5
"Global","Terror",2008,2005,2011,3,0.269398119132437,0.445189102195822,0.57774371498987,0.00342358597425992,0.218579222198091,0.988253420295673,0.265974533158177,6,6
"Global","Terror",2009,2006,2012,3,0.660516705452602,0.454668950943174,0.206023139756097,0.159719247814917,0.206415812157611,0.474041497561915,0.500797457637685,7,7
"Global","Terror",2010,2007,2013,2,0.898710700218798,0.450633164328916,0.102680556520325,0.271246275176172,0.24999267155436,0.327435671940977,0.627464425042626,7,7
"Global","Terror",2011,2008,2014,2,1.09501046491132,0.481042071275464,0.0718672533863378,0.386151134892405,0.437138625826215,0.417485010692496,0.708859330018911,7,7
"Global","Terror",2012,2009,2015,2,1.05179361641588,0.381517421435289,0.0399828875163645,0.613617520094008,0.52334765841816,0.293818712709185,0.438176096321874,7,7
"Global","Terror",2013,2010,2016,1,0.92766253357548,0.640145377749027,0.206975196701186,0.726182445383555,0.811056264791292,0.411624217329813,0.201480088191925,7,7
"Global","Terror",2014,2011,2017,5,-0.490535914153492,0.36732497482665,0.239301474697057,0.815288043313631,0.979750462906117,0.443246301349511,-1.30582395746712,7,7
"Global","Terror",2015,2012,2018,5,-0.58984106627778,0.463964053190184,0.259548012035549,0.77036234158239,0.909937024040098,0.435847816048138,-1.36020340786017,7,7
"Global","Terror",2016,2013,2019,5,-0.121308939750753,0.478184537179915,0.809839189419985,0.286826387407576,0.645193126846767,0.675221373188361,-0.408135327158329,7,7
"Global","Terror",2017,2014,2020,1,0.100708272435768,0.648654415270769,0.882691645589656,0.572036687064233,0.566254230722656,0.358753711686874,-0.471328414628465,7,7
"Global","Terror",2018,2015,2021,1,0.512878056852079,0.523056178275405,0.382336667490479,0.950517505059171,0.529268635465339,0.13245364443483,-0.437639448207092,6,7
"Global","Terror",2019,2016,2022,1,0.400608987353255,0.370089120590285,0.358288281063945,0.805473202569797,0.411362691589102,0.121825238623003,-0.404864215216542,5,6
"Global","Terror",2020,2017,2023,NA,NA,NA,NA,NA,NA,NA,NA,NA,NA
"Global","Terror",2021,2018,2024,NA,NA,NA,NA,NA,NA,NA,NA,NA,NA
"Global","Tech",2006,2003,2009,NA,NA,NA,NA,NA,NA,NA,NA,NA,NA
"Global","Tech",2007,2004,2010,4,-0.0217639144568374,0.165110811924044,0.903475042988156,-0.045879917420443,0.269350461826515,0.875585934149896,0.0241160029636056,5,5
"Global","Tech",2008,2005,2011,4,-0.0157736717067875,0.169347410735639,0.930268082199483,-0.0336568422472241,0.297862556350152,0.915478762774772,0.0178831705404366,6,6
"Global","Tech",2009,2006,2012,4,-0.0380650755977034,0.181780655702391,0.842399554794351,-0.0748425653184339,0.32485413391825,0.826919663586512,0.0367774897207305,7,7
"Global","Tech",2010,2007,2013,1,0.269405949406514,0.251453561512038,0.332959682037601,0.299352920958981,0.297429033419821,0.360384702382932,-0.0299469715524664,7,7
"Global","Tech",2011,2008,2014,3,-0.00591012311600439,0.259440155071653,0.982706690493736,0.013283777185878,0.463495419789231,0.978244520923275,-0.0191939003018824,7,7
"Global","Tech",2012,2009,2015,4,-0.31549537288907,0.165864404285033,0.115547309278399,-0.732685643002251,0.280194803841204,0.047387681699758,0.417190270113181,7,7
"Global","Tech",2013,2010,2016,1,-0.553006858012051,0.642395087030228,0.42865976672086,-0.671624015290484,0.59291166976213,0.308695183270073,0.118617157278433,7,7
"Global","Tech",2014,2011,2017,2,-0.863187424838196,0.182778774654098,0.00523057668006672,-0.802871458538691,0.351638222654444,0.071249587733721,-0.0603159662995052,7,7
"Global","Tech",2015,2012,2018,1,-1.01669429976564,0.268848018894026,0.0128678388646622,-0.779039645051679,0.454908229719325,0.147477123109544,-0.237654654713962,7,7
"Global","Tech",2016,2013,2019,4,-1.22113168963666,0.357971013303327,0.0190173915782259,-0.931960665805898,0.289642842397267,0.0235279563864856,-0.289171023830764,7,7
"Global","Tech",2017,2014,2020,4,-1.11107529017658,0.548603028655247,0.0987032572857576,-0.865140693871604,0.547639751986271,0.174997712760774,-0.245934596304978,7,7
"Global","Tech",2018,2015,2021,4,0.0884241062545815,1.80480901242737,0.962821243743,1.21001148555368,2.02877284934413,0.576865943703311,-1.1215873792991,7,7
"Global","Tech",2019,2016,2022,4,1.12536893058275,1.24333013501563,0.416587371417092,2.22285307593454,1.69179531218401,0.259165559776355,-1.09748414535179,6,6
"Global","Tech",2020,2017,2023,4,2.11112363542522,0.698219055768127,0.0565980226415195,3.63538750810187,0.709576168113294,0.0143959997542529,-1.52426387267666,5,5
"Global","Tech",2021,2018,2024,NA,NA,NA,NA,NA,NA,NA,NA,NA,NA
"HIC","Geophysical",2006,2003,2009,NA,NA,NA,NA,NA,NA,NA,NA,NA,NA
"HIC","Geophysical",2007,2004,2010,NA,NA,NA,NA,NA,NA,NA,NA,NA,NA
"HIC","Geophysical",2008,2005,2011,5,0.260872116939504,0.0517502668088303,0.0150516124867512,-0.0482057999719983,0.190790659122662,0.816851322268486,0.309077916911502,5,5
"HIC","Geophysical",2009,2006,2012,5,0.296850139569027,0.0566836303064973,0.00635340634305302,-0.0187526671553772,0.153713893111768,0.90878469016825,0.315602806724404,6,6
"HIC","Geophysical",2010,2007,2013,5,0.33668048339225,0.0568045919368199,0.00194996704432093,-0.0323210357824615,0.122786169039382,0.802876252641109,0.369001519174711,7,7
"HIC","Geophysical",2011,2008,2014,5,0.382830445636254,0.0484814038047049,0.000523932233686939,0.0434166471505274,0.107162438641636,0.702121376624617,0.339413798485726,7,7
"HIC","Geophysical",2012,2009,2015,3,0.427656644238321,0.166183625248742,0.0498294340086725,0.061235043486254,0.106102586722788,0.58886191258622,0.366421600752067,7,7
"HIC","Geophysical",2013,2010,2016,2,0.553962902567758,0.252140182179149,0.0793889880225676,0.356927026028629,0.195531507312338,0.127516883173026,0.197035876539129,7,7
"HIC","Geophysical",2014,2011,2017,1,1.05945573261832,0.513104035803359,0.093858647071655,1.10348178729645,0.494196955124439,0.0758901476515236,-0.044026054678127,7,7
"HIC","Geophysical",2015,2012,2018,1,0.65999671276455,0.510620162382189,0.25267558018744,0.84466349170667,0.480281117959434,0.138958454671948,-0.184666778942121,7,7
"HIC","Geophysical",2016,2013,2019,1,0.257706492759574,0.688090398045567,0.723373264608698,0.90493325447431,0.674514888274249,0.237429794628936,-0.647226761714736,7,7
"HIC","Geophysical",2017,2014,2020,1,0.407687331431043,1.07075842456214,0.719031535835237,0.548573661441982,0.981546414273454,0.600343357970218,-0.140886330010939,7,7
"HIC","Geophysical",2018,2015,2021,3,1.19036632319957,0.912007216435953,0.248652455327514,0.958060051635393,0.573096240102943,0.155440629110661,0.232306271564178,7,7
"HIC","Geophysical",2019,2016,2022,3,1.20594920165224,0.877134327653779,0.241157771606409,0.941607933831252,0.33022576053476,0.0463298753107882,0.264341267820985,6,6
"HIC","Geophysical",2020,2017,2023,3,1.23539663500637,0.330452108429134,0.0333788714176326,0.945064326467568,0.364433728566418,0.0808469830983721,0.290332308538801,5,5
"HIC","Geophysical",2021,2018,2024,NA,NA,NA,NA,NA,NA,NA,NA,NA,NA
"HIC","Climate",2006,2003,2009,NA,NA,NA,NA,NA,NA,NA,NA,NA,NA
"HIC","Climate",2007,2004,2010,5,0.0311237358319177,0.0654305557635935,0.666796686967904,-0.400363328304438,0.185989150519861,0.120410440528323,0.431487064136356,5,5
"HIC","Climate",2008,2005,2011,5,0.0042329612587139,0.0564197964853635,0.943796261925524,-0.55443232685904,0.205157885507755,0.0539563064803137,0.558665288117754,6,6
"HIC","Climate",2009,2006,2012,5,0.0359497864800548,0.0723538914038381,0.640359754578483,-0.640214966165818,0.228798319524443,0.038076082233067,0.676164752645873,7,7
"HIC","Climate",2010,2007,2013,2,0.312586665220042,0.174385376886004,0.13303518763827,-0.724588894476772,0.360271070033553,0.100488119191026,1.03717555969681,7,7
"HIC","Climate",2011,2008,2014,2,0.253089917331025,0.255281369112369,0.367005335034415,0.214334209785361,0.279782420020066,0.478218472032272,0.0387557075456636,7,7
"HIC","Climate",2012,2009,2015,2,0.224421889136523,0.213060068351489,0.340408565433981,0.324427614570842,0.183290020216144,0.136943488460293,-0.100005725434319,7,7
"HIC","Climate",2013,2010,2016,5,0.378602755800731,0.206258888454799,0.125862560142854,-0.196443856385022,0.306515029183286,0.549807208514548,0.575046612185753,7,7
"HIC","Climate",2014,2011,2017,5,0.777329866803178,0.3013584215466,0.0494668897538795,0.207979405338374,0.112184630745482,0.122930403259522,0.569350461464803,7,7
"HIC","Climate",2015,2012,2018,5,0.86313524341645,0.278650451295101,0.0269276892565183,0.27219793053547,0.095712836843849,0.0360808475782758,0.59093731288098,7,7
"HIC","Climate",2016,2013,2019,4,1.52117364297508,0.362740786811538,0.00854245082571496,0.240916188134095,0.0946457965072929,0.0515506160726897,1.28025745484099,7,7
"HIC","Climate",2017,2014,2020,3,2.18373844279607,0.790924228274892,0.0397876584767146,0.365651495541634,0.383043300701964,0.383621297128764,1.81808694725444,7,7
"HIC","Climate",2018,2015,2021,4,1.77022663858301,0.596727634017137,0.0312811272338328,-0.507130691899992,0.593177021120017,0.431632567739619,2.277357330483,7,7
"HIC","Climate",2019,2016,2022,4,1.60741584448806,0.714201355844483,0.0875823007168514,-0.89133602242904,0.58284298459847,0.200926913387615,2.4987518669171,6,6
"HIC","Climate",2020,2017,2023,4,1.11357589004921,0.730285009717778,0.224702726422711,-1.43764575649194,0.398922294785675,0.036663055953699,2.55122164654114,5,5
"HIC","Climate",2021,2018,2024,NA,NA,NA,NA,NA,NA,NA,NA,NA,NA
"HIC","Diseases",2006,2003,2009,NA,NA,NA,NA,NA,NA,NA,NA,NA,NA
"HIC","Diseases",2007,2004,2010,1,0.988620599976525,0.77323187302387,0.290994421943076,1.29278397809269,0.703433260829782,0.163391967330228,-0.304163378116169,5,5
"HIC","Diseases",2008,2005,2011,1,0.497511203875094,0.643743890663251,0.482746938246142,0.800261161167108,0.603286284204619,0.255339134456703,-0.302749957292015,6,6
"HIC","Diseases",2009,2006,2012,1,0.265569264872877,0.570852908432664,0.661335635876171,0.59188102099076,0.531537867817407,0.316129371215136,-0.326311756117884,7,7
"HIC","Diseases",2010,2007,2013,1,-0.0225081565933697,0.607875153248389,0.971895858425815,0.303079665713032,0.620339370535711,0.645818964378422,-0.325587822306402,7,7
"HIC","Diseases",2011,2008,2014,5,-0.409369252526328,0.129882348373294,0.0253262680666282,0.0727877617372737,0.189022400829879,0.716018241115947,-0.482157014263602,7,7
"HIC","Diseases",2012,2009,2015,5,0.131469258775365,0.425778047398595,0.769944607954344,-0.28710501044351,0.171203333824204,0.154390862590396,0.418574269218875,7,7
"HIC","Diseases",2013,2010,2016,5,0.43786844193902,1.06357398736353,0.697616627402579,-0.446361997046822,0.255524033501644,0.141094039244366,0.884230438985842,7,7
"HIC","Diseases",2014,2011,2017,5,0.782099231226299,1.48036614114332,0.619880970782211,-0.50874835986105,0.226942014825497,0.0750491793996003,1.29084759108735,7,7
"HIC","Diseases",2015,2012,2018,5,0.258572556245562,1.73608461877917,0.88742173480753,-0.490142337360298,0.212835117036907,0.0695185925209954,0.74871489360586,7,7
"HIC","Diseases",2016,2013,2019,5,0.0065912901108542,1.99096074976913,0.997486547802326,-0.51052583024729,0.207207737959322,0.056959628193228,0.517117120358144,7,7
"HIC","Diseases",2017,2014,2020,5,-1.13355100419128,1.90622991362252,0.577959617421292,-0.965130639947531,0.275229009801991,0.0171620558644399,-0.16842036424375,7,7
"HIC","Diseases",2018,2015,2021,1,0.781679070601755,1.56506791646361,0.638657165659678,1.72406301156978,1.0880443513996,0.173921637304308,-0.94238394096803,7,7
"HIC","Diseases",2019,2016,2022,1,1.04360315882484,1.65095862257282,0.561636652444306,1.95541377725488,1.08720885557878,0.146483099257915,-0.911810618430039,6,6
"HIC","Diseases",2020,2017,2023,1,0.915865188841993,1.80792041389075,0.647331808979076,1.88666885061765,1.21535936247517,0.218386067670564,-0.970803661775653,5,5
"HIC","Diseases",2021,2018,2024,NA,NA,NA,NA,NA,NA,NA,NA,NA,NA
"HIC","Food",2006,2003,2009,NA,NA,NA,NA,NA,NA,NA,NA,NA,NA
"HIC","Food",2007,2004,2010,5,-0.327829127938858,0.427597371336765,0.499081964343342,0.317914503345026,0.0932028347208303,0.0421199106249712,-0.645743631283884,5,5
"HIC","Food",2008,2005,2011,5,-0.340693428918025,0.332648712960957,0.363643379300144,0.199424439410022,0.140722014038904,0.22940136836801,-0.540117868328047,6,6
"HIC","Food",2009,2006,2012,5,-0.315828399826396,0.256175768608169,0.272428853900856,-0.00845308947567443,0.189612259705329,0.966167014341209,-0.307375310350721,7,7
"HIC","Food",2010,2007,2013,3,0.435792788207802,0.398781329050878,0.324310388633992,-1.08119715518705,0.621692368176205,0.142506640453371,1.51698994339485,7,7
"HIC","Food",2011,2008,2014,3,0.44749714462461,0.229281018629125,0.122711750184509,-0.975366454955227,0.5966375080358,0.163024435722811,1.42286359957984,6,7
"HIC","Food",2012,2009,2015,3,0.470271074111526,0.231697262071555,0.135385876985852,-1.11475276352088,0.274549689919067,0.00972629859929183,1.5850238376324,5,7
"HIC","Food",2013,2010,2016,NA,NA,NA,NA,NA,NA,NA,NA,NA,NA
"HIC","Food",2014,2011,2017,NA,NA,NA,NA,NA,NA,NA,NA,NA,NA
"HIC","Food",2015,2012,2018,NA,NA,NA,NA,NA,NA,NA,NA,NA,NA
"HIC","Food",2016,2013,2019,NA,NA,NA,NA,NA,NA,NA,NA,NA,NA
"HIC","Food",2017,2014,2020,NA,NA,NA,NA,NA,NA,NA,NA,NA,NA
"HIC","Food",2018,2015,2021,NA,NA,NA,NA,NA,NA,NA,NA,NA,NA
"HIC","Food",2019,2016,2022,NA,NA,NA,NA,NA,NA,NA,NA,NA,NA
"HIC","Food",2020,2017,2023,NA,NA,NA,NA,NA,NA,NA,NA,NA,NA
"HIC","Food",2021,2018,2024,NA,NA,NA,NA,NA,NA,NA,NA,NA,NA
"HIC","Economic",2006,2003,2009,NA,NA,NA,NA,NA,NA,NA,NA,NA,NA
"HIC","Economic",2007,2004,2010,1,0.495108665913646,0.483521338979823,0.381211247232536,1.10420265954132,0.306899719883362,0.0368161114641142,-0.609093993627675,5,5
"HIC","Economic",2008,2005,2011,1,0.491747673310757,0.419047778390462,0.305705317584967,1.08959097747975,0.293809840228106,0.020681296742057,-0.597843304168995,6,6
"HIC","Economic",2009,2006,2012,1,0.458615150401374,0.404286263188301,0.30807338540072,1.09487022069082,0.262781851432581,0.00876903480134534,-0.636255070289449,7,7
"HIC","Economic",2010,2007,2013,1,-0.0252801610435251,0.547489177271017,0.964958473752239,0.965629192917736,0.357071646594056,0.0425648068831091,-0.990909353961261,7,7
"HIC","Economic",2011,2008,2014,2,0.638584652358417,0.737706485608551,0.426265861355309,0.829267094078274,0.344722821352044,0.0611953702817409,-0.190682441719857,7,7
"HIC","Economic",2012,2009,2015,2,1.12499700473145,0.559353892766728,0.100486683568674,0.926039085174169,0.568756471092791,0.164415014702314,0.198957919557278,7,7
"HIC","Economic",2013,2010,2016,2,0.894516936927344,0.552100850376904,0.166113810861456,0.927330639266168,0.769734698464537,0.282211100432649,-0.0328137023388241,7,7
"HIC","Economic",2014,2011,2017,5,-0.65750378349347,0.644071449638383,0.354149791898127,-0.866569609047495,1.52660399364866,0.594814680053606,0.209065825554025,7,7
"HIC","Economic",2015,2012,2018,1,0.599345849416608,1.18093996176847,0.633380260324737,1.35784662760131,2.06102512062354,0.539136140722319,-0.758500778184704,7,7
"HIC","Economic",2016,2013,2019,3,0.136690798749406,0.16628429494191,0.448469660887136,-0.0830017095078688,1.70899229388606,0.963144189229302,0.219692508257275,7,7
"HIC","Economic",2017,2014,2020,3,-0.0110232194787382,0.0885203927797872,0.906904911339836,-0.961730649992108,1.1076550485811,0.424957497515206,0.95070743051337,6,7
"HIC","Economic",2018,2015,2021,3,-0.118956283747809,0.133789047250423,0.43942920623615,0.561261202940737,0.581611821888719,0.378860626433842,-0.680217486688546,5,7
"HIC","Economic",2019,2016,2022,NA,NA,NA,NA,NA,NA,NA,NA,NA,NA
"HIC","Economic",2020,2017,2023,NA,NA,NA,NA,NA,NA,NA,NA,NA,NA
"HIC","Economic",2021,2018,2024,NA,NA,NA,NA,NA,NA,NA,NA,NA,NA
"HIC","GeoConflict",2006,2003,2009,NA,NA,NA,NA,NA,NA,NA,NA,NA,NA
"HIC","GeoConflict",2007,2004,2010,NA,NA,NA,NA,NA,NA,NA,NA,NA,NA
"HIC","GeoConflict",2008,2005,2011,NA,NA,NA,NA,NA,NA,NA,NA,NA,NA
"HIC","GeoConflict",2009,2006,2012,NA,NA,NA,NA,NA,NA,NA,NA,NA,NA
"HIC","GeoConflict",2010,2007,2013,5,2.03498659605554,1.02637437613151,0.141685845583147,0.175176669135149,0.391768555511042,0.685083086232378,1.85980992692039,5,5
"HIC","GeoConflict",2011,2008,2014,2,-0.510387448597571,1.11515830714975,0.678294262926005,-0.832154273492848,0.439549651170789,0.154665640300647,0.321766824895277,5,5
"HIC","GeoConflict",2012,2009,2015,3,0.395984722576084,0.556873234624451,0.528332178615496,0.39913389775598,0.324760453719531,0.306677713288832,-0.00314917517989549,5,5
"HIC","GeoConflict",2013,2010,2016,3,0.614040671459324,0.514265742823861,0.298439531684937,0.559529359388515,0.321562687322793,0.156832177496636,0.0545113120708092,6,6
"HIC","GeoConflict",2014,2011,2017,3,0.825563405881244,0.612667328640176,0.235659855921132,0.716207968663902,0.417391726299414,0.146833541934799,0.109355437217342,7,7
"HIC","GeoConflict",2015,2012,2018,3,0.350687566033549,0.69590067455781,0.635722131286158,0.458533198487114,0.633371109908154,0.501535395321124,-0.107845632453565,7,7
"HIC","GeoConflict",2016,2013,2019,4,0.114508292581548,0.504976856438168,0.829590056094399,-0.107476821202374,0.642599046328447,0.873724731589904,0.221985113783922,7,7
"HIC","GeoConflict",2017,2014,2020,5,0.00968018930124705,0.245082254123467,0.970022158370709,-0.51834705191611,0.545526875375649,0.385655843654202,0.528027241217357,7,7
"HIC","GeoConflict",2018,2015,2021,5,-0.172616357074998,0.132720110286736,0.250109140544803,-1.17571899679983,0.132303522252975,0.000300230427365055,1.00310263972483,7,7
"HIC","GeoConflict",2019,2016,2022,5,-0.0231718668281927,0.137941731882492,0.874747955306187,-1.24775971565838,0.175133306843528,0.00205169431967896,1.22458784883018,6,6
"HIC","GeoConflict",2020,2017,2023,4,0.229078609347012,0.0850162616930858,0.0741289935323675,-1.15749171751714,0.0131955449169957,3.26584751661942e-06,1.38657032686415,5,5
"HIC","GeoConflict",2021,2018,2024,NA,NA,NA,NA,NA,NA,NA,NA,NA,NA
"HIC","Terror",2006,2003,2009,NA,NA,NA,NA,NA,NA,NA,NA,NA,NA
"HIC","Terror",2007,2004,2010,1,0.363576275188556,0.271410247334905,0.272820270716999,-0.32068062886491,0.282081672041046,0.338195740766177,0.684256904053466,5,5
"HIC","Terror",2008,2005,2011,3,0.311542405489575,0.258483523464797,0.294524335112647,-0.103138430115904,0.174776566342545,0.586837731291222,0.414680835605478,6,6
"HIC","Terror",2009,2006,2012,3,0.649562835763275,0.32569781441857,0.102674796564564,-0.0333755846992354,0.144915451839472,0.826976654220487,0.68293842046251,7,7
"HIC","Terror",2010,2007,2013,2,0.897436343387219,0.348190106528183,0.0495862443341327,-0.0776621035420622,0.159334131696204,0.646581034947528,0.975098446929282,7,7
"HIC","Terror",2011,2008,2014,3,1.0666504154573,0.42985699310568,0.0557448200709732,0.0765890531702508,0.236834947664205,0.759490629031255,0.990061362287051,7,7
"HIC","Terror",2012,2009,2015,2,1.09536619346795,0.48171536421385,0.072087282317673,0.265683588952615,0.506227710102612,0.622130997269936,0.829682604515337,7,7
"HIC","Terror",2013,2010,2016,1,1.02355488844756,0.780357346465632,0.246633457757485,0.625311266344058,0.904890104687908,0.520307923153656,0.398243622103499,7,7
"HIC","Terror",2014,2011,2017,5,-0.0393352576505798,0.301860711795493,0.901402058363237,0.950696735893611,0.865470660310289,0.322056159906906,-0.990031993544191,7,7
"HIC","Terror",2015,2012,2018,5,-0.147321853377803,0.11480335234787,0.255660400300554,0.990546876465132,0.92287645038221,0.332171794806052,-1.13786872984293,7,7
"HIC","Terror",2016,2013,2019,5,-0.0543188431756012,0.0961588418321674,0.596552809160828,0.241834504217771,0.800356976852434,0.77469641790528,-0.296153347393372,7,7
"HIC","Terror",2017,2014,2020,5,-0.302428532519831,0.142713283575661,0.0876016966063478,0.0644965464073689,0.530623011652331,0.907990298923156,-0.3669250789272,7,7
"HIC","Terror",2018,2015,2021,3,-0.328390368704084,0.190813957532611,0.160362698355191,0.285049710620094,0.163797752390914,0.142298364420362,-0.613440079324179,6,7
"HIC","Terror",2019,2016,2022,4,-0.339381794207423,0.190159462361558,0.172298838878935,0.124700193263519,0.138869024517202,0.41996667747677,-0.464081987470942,5,6
"HIC","Terror",2020,2017,2023,NA,NA,NA,NA,NA,NA,NA,NA,NA,NA
"HIC","Terror",2021,2018,2024,NA,NA,NA,NA,NA,NA,NA,NA,NA,NA
"HIC","Tech",2006,2003,2009,NA,NA,NA,NA,NA,NA,NA,NA,NA,NA
"HIC","Tech",2007,2004,2010,1,0.181351626162789,0.212693985328019,0.45652071577051,0.0194832092332928,0.180323464413536,0.920780230842748,0.161868416929496,5,5
"HIC","Tech",2008,2005,2011,1,0.189327226701103,0.220284268171419,0.438541064139996,0.0284517788134446,0.207037019457271,0.89733578966734,0.160875447887658,6,6
"HIC","Tech",2009,2006,2012,1,0.176315019244887,0.20485702209034,0.428749089346517,0.0027112814490748,0.21846120619133,0.990577834029628,0.173603737795812,7,7
"HIC","Tech",2010,2007,2013,1,0.458714711680707,0.18554712105213,0.0563759135422902,0.117687040803128,0.282456918449815,0.694213704851754,0.34102767087758,7,7
"HIC","Tech",2011,2008,2014,2,0.319377954685129,0.267770606165563,0.286484835072075,-0.121393178617738,0.325287544335735,0.724307675246848,0.440771133302866,7,7
"HIC","Tech",2012,2009,2015,2,0.236759045676759,0.290843119648093,0.452629627945215,-0.194454810807905,0.321908813374333,0.572156684933108,0.431213856484664,7,7
"HIC","Tech",2013,2010,2016,1,-0.569344331597953,1.11547780936552,0.631495914520456,1.29428866309977,0.732129071076091,0.137328814670793,-1.86363299469773,7,7
"HIC","Tech",2014,2011,2017,1,-1.25419965727147,1.05311232084604,0.287124498097558,0.244218622518397,0.956827192060426,0.808705867062934,-1.49841827978987,7,7
"HIC","Tech",2015,2012,2018,5,-2.64100547123053,0.721899075240067,0.0146191126806751,0.0240651344534477,0.246246701669245,0.925945190913898,-2.66507060568398,7,7
"HIC","Tech",2016,2013,2019,5,-2.54760107259051,0.650502964398202,0.0112230218728208,-0.154590503928573,0.389077814044841,0.707521748083004,-2.39301056866194,7,7
"HIC","Tech",2017,2014,2020,5,-2.18666883421031,0.607659154274475,0.0155676524528743,-0.229484308011372,0.833544603297586,0.794091896848292,-1.95718452619893,7,7
"HIC","Tech",2018,2015,2021,5,-1.36921089121281,1.92565545518403,0.508846060718503,3.11504539645856,3.38440411282105,0.399587774877132,-4.48425628767137,7,7
"HIC","Tech",2019,2016,2022,4,0.274340062192038,1.06656401921607,0.809699755386808,5.13349992019763,4.35145629584784,0.303482148143293,-4.85915985800559,6,6
"HIC","Tech",2020,2017,2023,4,1.02796384288907,0.811232614066754,0.294525753559138,8.65019515755666,2.24180213372536,0.0307620286287679,-7.62223131466759,5,5
"HIC","Tech",2021,2018,2024,NA,NA,NA,NA,NA,NA,NA,NA,NA,NA
"UMC","Geophysical",2006,2003,2009,NA,NA,NA,NA,NA,NA,NA,NA,NA,NA
"UMC","Geophysical",2007,2004,2010,NA,NA,NA,NA,NA,NA,NA,NA,NA,NA
"UMC","Geophysical",2008,2005,2011,2,0.2397741652912,0.139849323461087,0.184945088207054,0.0573796696804266,0.140033299208593,0.709486511436376,0.182394495610773,5,5
"UMC","Geophysical",2009,2006,2012,2,0.269081608172698,0.114742134126088,0.0789370189264705,0.115451234133224,0.127317001817453,0.415798785465277,0.153630374039474,6,6
"UMC","Geophysical",2010,2007,2013,1,0.277122014222243,0.0951559191918762,0.0333107241031856,0.261687636168582,0.0594752687044504,0.00702226148392083,0.0154343780536605,7,7
"UMC","Geophysical",2011,2008,2014,1,0.0674665956794669,0.169537798153573,0.707093799522648,0.339217760416866,0.0468152060386208,0.000781746611566546,-0.271751164737399,7,7
"UMC","Geophysical",2012,2009,2015,1,-0.344509269528637,0.301273871620048,0.304604959787883,0.0758812118941019,0.170662579734552,0.67517530708968,-0.420390481422739,7,7
"UMC","Geophysical",2013,2010,2016,5,-0.373912647991908,0.116635573732025,0.0238397067979869,0.0115616099471771,0.0969383355243948,0.909707118128053,-0.385474257939085,7,7
"UMC","Geophysical",2014,2011,2017,5,-0.0144999313600851,0.250505235879868,0.956084066868069,-0.247971701587735,0.175458667539844,0.216696502026652,0.23347177022765,7,7
"UMC","Geophysical",2015,2012,2018,5,0.177264701514244,0.241116003704132,0.495242460152694,-0.353683225731698,0.175508827471345,0.0999822278270824,0.530947927245942,7,7
"UMC","Geophysical",2016,2013,2019,4,0.444036175914667,0.389533080922479,0.305965058006183,-0.946000692942187,0.281868015344283,0.0201919091833714,1.39003686885685,7,7
"UMC","Geophysical",2017,2014,2020,4,0.837335708933879,0.514080159365033,0.164283326889298,-1.25436075467715,0.483481757391873,0.0485755313347975,2.09169646361103,7,7
"UMC","Geophysical",2018,2015,2021,5,0.0815577389394902,0.495746784525424,0.875769811637382,0.0931518402994866,0.507390655203088,0.86154808577531,-0.0115941013599964,7,7
"UMC","Geophysical",2019,2016,2022,5,0.0680830067836831,0.323983491152244,0.843825803202695,0.105923895622226,0.374324611693324,0.791237555482735,-0.0378408888385432,6,6
"UMC","Geophysical",2020,2017,2023,5,0.0589333726640227,0.226880992124879,0.811859368726674,0.115063356343958,0.313939475088832,0.738305295183708,-0.0561299836799354,5,5
"UMC","Geophysical",2021,2018,2024,NA,NA,NA,NA,NA,NA,NA,NA,NA,NA
"UMC","Climate",2006,2003,2009,NA,NA,NA,NA,NA,NA,NA,NA,NA,NA
"UMC","Climate",2007,2004,2010,5,0.0608514184936741,0.0847927454090442,0.52480849363469,-0.171629475626492,0.04492179218346,0.0315598848227847,0.232480894120166,5,5
"UMC","Climate",2008,2005,2011,5,0.0613250278711233,0.0650782627719967,0.399380415005842,-0.240606238856672,0.0744375000014285,0.0319051033950716,0.301931266727795,6,6
"UMC","Climate",2009,2006,2012,5,0.0851157856048757,0.0690808798263612,0.272682463188466,-0.259277396401695,0.0716297892512768,0.0152245430130437,0.34439318200657,7,7
"UMC","Climate",2010,2007,2013,4,0.141405831167219,0.117823950959588,0.283839523171572,-0.196855911748591,0.140395458978163,0.21979864677937,0.33826174291581,7,7
"UMC","Climate",2011,2008,2014,2,0.409572154732457,0.279053094055943,0.202104976793147,-0.125593895430736,0.182690912589567,0.522371658724558,0.535166050163192,7,7
"UMC","Climate",2012,2009,2015,2,0.394527687660013,0.236640198029955,0.156349329433738,0.11735085587879,0.233621107127504,0.636783101439235,0.277176831781223,7,7
"UMC","Climate",2013,2010,2016,1,0.705505052966006,0.46517616450181,0.189802164074226,0.976607391923275,0.34859950953402,0.0379256899475338,-0.271102338957269,7,7
"UMC","Climate",2014,2011,2017,5,0.440765587111146,0.275319183768869,0.170292007927242,0.249242179726134,0.107817506613403,0.0687609724284654,0.191523407385012,7,7
"UMC","Climate",2015,2012,2018,5,0.673680132603126,0.289843254908089,0.0676907460595652,0.080778341440982,0.133682586038504,0.57204189449044,0.592901791162144,7,7
"UMC","Climate",2016,2013,2019,4,1.34562286511636,0.645217158509466,0.0914168165779069,0.0348242595232822,0.228843962748788,0.884999063327126,1.31079860559308,7,7
"UMC","Climate",2017,2014,2020,4,2.54087415768378,0.634551748220653,0.0102804463776777,-0.295640534231298,0.296003060818304,0.363755898181228,2.83651469191507,7,7
"UMC","Climate",2018,2015,2021,3,2.16508131039077,1.76720426833496,0.275081523361707,-1.67621205579879,0.433653494134003,0.0118160552324349,3.84129336618956,7,7
"UMC","Climate",2019,2016,2022,3,1.70476053848667,2.12167752811948,0.46672038212595,-1.78058121045127,0.523057907494521,0.0271726209980784,3.48534174893794,6,6
"UMC","Climate",2020,2017,2023,4,0.723828782353864,1.0567432022934,0.542544586484555,-1.27280300090608,0.398032467141805,0.0494173587896957,1.99663178325994,5,5
"UMC","Climate",2021,2018,2024,NA,NA,NA,NA,NA,NA,NA,NA,NA,NA
"UMC","Diseases",2006,2003,2009,NA,NA,NA,NA,NA,NA,NA,NA,NA,NA
"UMC","Diseases",2007,2004,2010,1,1.06758460009675,0.925513135501836,0.332262679242795,1.52759901956015,0.754143275535395,0.135918404353168,-0.460014419463399,5,5
"UMC","Diseases",2008,2005,2011,1,0.290430239951486,0.848486903724587,0.749360460910768,0.902643474065524,0.687680934968207,0.259566957690232,-0.612213234114038,6,6
"UMC","Diseases",2009,2006,2012,1,-0.0487513819348511,0.766040370427023,0.951722192949772,0.505116066794594,0.681554609172343,0.491936334226666,-0.553867448729445,7,7
"UMC","Diseases",2010,2007,2013,5,-0.391288424607623,0.104338045446751,0.0132909984863466,0.440879545758296,0.129103231961989,0.0189417287520619,-0.832167970365919,7,7
"UMC","Diseases",2011,2008,2014,5,-0.732133296352376,0.0712949870574975,0.000150489202529957,0.427608774252935,0.250866229140772,0.149004260580784,-1.15974207060531,7,7
"UMC","Diseases",2012,2009,2015,5,-0.00916762488941084,0.492202339384524,0.985860082252968,-0.255735130007975,0.24944810864113,0.352283112496853,0.246567505118564,7,7
"UMC","Diseases",2013,2010,2016,5,0.340410884323379,1.10365888073913,0.770185424252519,-0.385728483195282,0.490408986772152,0.467172453037124,0.72613936751866,7,7
"UMC","Diseases",2014,2011,2017,5,0.708589150212873,1.49895486908634,0.65632652939689,-0.447845981184771,0.542043078115317,0.446299993051318,1.15643513139764,7,7
"UMC","Diseases",2015,2012,2018,5,0.118349769920416,1.82564260960306,0.9508242829286,-0.386460721824908,0.491664110538296,0.467449974158877,0.504810491745324,7,7
"UMC","Diseases",2016,2013,2019,5,-0.150903424395848,2.10018074580009,0.945504810784093,-0.444707481092707,0.415085918018866,0.332972735267124,0.293804056696859,7,7
"UMC","Diseases",2017,2014,2020,5,-1.14987045778788,1.90889971419935,0.573198755110146,-1.03138987589097,0.36180734757503,0.0357960040802966,-0.118480581896905,7,7
"UMC","Diseases",2018,2015,2021,1,0.686021730890835,1.66537147252251,0.697453257367134,1.66156826560534,1.24034814541107,0.238036518113638,-0.975546534714507,7,7
"UMC","Diseases",2019,2016,2022,1,0.864988281596813,1.84107376473292,0.662946910812387,1.8531239758313,1.32455875380266,0.234363680632841,-0.988135694234482,6,6
"UMC","Diseases",2020,2017,2023,1,0.693271054480333,1.95739059705317,0.746634778696347,1.82855402098361,1.53463254156062,0.319119193554222,-1.13528296650328,5,5
"UMC","Diseases",2021,2018,2024,NA,NA,NA,NA,NA,NA,NA,NA,NA,NA
"UMC","Food",2006,2003,2009,NA,NA,NA,NA,NA,NA,NA,NA,NA,NA
"UMC","Food",2007,2004,2010,2,0.335309265231689,0.8078337438691,0.70598757286831,-0.132953093553284,0.260077241756425,0.644453139402715,0.468262358784973,5,5
"UMC","Food",2008,2005,2011,2,-0.161334105013813,0.8062380830352,0.851158536367504,-0.211271046755243,0.217326346785526,0.386030373549525,0.0499369417414295,6,6
"UMC","Food",2009,2006,2012,2,-0.370030734329663,0.638692647765922,0.587470225954186,-0.695574994578082,0.399497166807064,0.142138517216042,0.325544260248419,7,7
"UMC","Food",2010,2007,2013,3,0.0992999010376914,0.609240105542489,0.876909293232967,-0.961319438409329,0.256104736687717,0.0132442561291634,1.06061933944702,7,7
"UMC","Food",2011,2008,2014,3,0.111498323645687,0.552455499053449,0.849903528814227,-0.781177782110393,0.570756658351499,0.22939076593683,0.89267610575608,6,7
"UMC","Food",2012,2009,2015,3,0.0498483044706867,0.534420098618841,0.931564915234658,-0.921406937790642,0.533372931613581,0.144655003305218,0.971255242261329,5,7
"UMC","Food",2013,2010,2016,NA,NA,NA,NA,NA,NA,NA,NA,NA,NA
"UMC","Food",2014,2011,2017,NA,NA,NA,NA,NA,NA,NA,NA,NA,NA
"UMC","Food",2015,2012,2018,NA,NA,NA,NA,NA,NA,NA,NA,NA,NA
"UMC","Food",2016,2013,2019,NA,NA,NA,NA,NA,NA,NA,NA,NA,NA
"UMC","Food",2017,2014,2020,NA,NA,NA,NA,NA,NA,NA,NA,NA,NA
"UMC","Food",2018,2015,2021,NA,NA,NA,NA,NA,NA,NA,NA,NA,NA
"UMC","Food",2019,2016,2022,NA,NA,NA,NA,NA,NA,NA,NA,NA,NA
"UMC","Food",2020,2017,2023,NA,NA,NA,NA,NA,NA,NA,NA,NA,NA
"UMC","Food",2021,2018,2024,NA,NA,NA,NA,NA,NA,NA,NA,NA,NA
"UMC","Economic",2006,2003,2009,NA,NA,NA,NA,NA,NA,NA,NA,NA,NA
"UMC","Economic",2007,2004,2010,5,-0.0408360331382084,0.0391418479867995,0.373489200488751,-0.438736401507873,0.0720400901841262,0.00889113833907802,0.397900368369664,5,5
"UMC","Economic",2008,2005,2011,5,-0.0437917225768059,0.0423866694448495,0.359904296430938,-0.420685179459651,0.167857194518822,0.0663252112084976,0.376893456882845,6,6
"UMC","Economic",2009,2006,2012,5,-0.0414598469779517,0.0392989476080896,0.339718609031712,-0.444435380305845,0.186514669969938,0.0629428373285299,0.402975533327894,7,7
"UMC","Economic",2010,2007,2013,5,-0.031617192231803,0.0496998097828544,0.552646602597897,-0.274532013735006,0.207823855944959,0.243730556374646,0.242914821503203,7,7
"UMC","Economic",2011,2008,2014,5,-0.0129395762087567,0.0974062841917794,0.89949956921987,0.101922738523227,0.226765934149702,0.671911580572122,-0.114862314731984,7,7
"UMC","Economic",2012,2009,2015,5,0.019514721530486,0.119847664173404,0.877029136140225,0.244639703039233,0.1159802851546,0.0886981814035062,-0.225124981508747,7,7
"UMC","Economic",2013,2010,2016,5,0.0659881333020997,0.197503659203325,0.751853961198911,0.155535320247525,0.0668830313553716,0.0675903871208147,-0.0895471869454256,7,7
"UMC","Economic",2014,2011,2017,1,-0.349889899275997,0.801539160790751,0.68066403712653,0.431260337481048,0.748692704925348,0.589558354170876,-0.781150236757045,7,7
"UMC","Economic",2015,2012,2018,5,0.348994179647664,1.00775758568515,0.743208490987498,0.357616102336276,0.165486002993786,0.0830814199467611,-0.00862192268861262,7,7
"UMC","Economic",2016,2013,2019,5,0.748233385873353,1.26797855585673,0.580782083168169,0.535231118876764,0.238207457774601,0.0745651825861336,0.21300226699659,7,7
"UMC","Economic",2017,2014,2020,1,0.314385784046122,2.18210169537132,0.892408682912423,2.18966480933057,1.57305339571307,0.222671219883126,-1.87527902528445,6,7
"UMC","Economic",2018,2015,2021,1,4.33983338611363,2.36560620216436,0.163924202232474,4.5740083490038,1.19100757475444,0.0184524003900377,-0.234174962890173,5,6
"UMC","Economic",2019,2016,2022,NA,NA,NA,NA,NA,NA,NA,NA,NA,NA
"UMC","Economic",2020,2017,2023,NA,NA,NA,NA,NA,NA,NA,NA,NA,NA
"UMC","Economic",2021,2018,2024,NA,NA,NA,NA,NA,NA,NA,NA,NA,NA
"UMC","GeoConflict",2006,2003,2009,NA,NA,NA,NA,NA,NA,NA,NA,NA,NA
"UMC","GeoConflict",2007,2004,2010,NA,NA,NA,NA,NA,NA,NA,NA,NA,NA
"UMC","GeoConflict",2008,2005,2011,NA,NA,NA,NA,NA,NA,NA,NA,NA,NA
"UMC","GeoConflict",2009,2006,2012,NA,NA,NA,NA,NA,NA,NA,NA,NA,NA
"UMC","GeoConflict",2010,2007,2013,5,2.65225476544557,1.24988096652455,0.123946462806415,0.969000097097084,0.364322427792702,0.0763561254864966,1.68325466834848,5,5
"UMC","GeoConflict",2011,2008,2014,5,-0.783521874275822,1.3866856666483,0.611547199987645,-0.393158312228258,0.284313728492216,0.260669018557793,-0.390363562047564,5,5
"UMC","GeoConflict",2012,2009,2015,2,0.256199496495903,0.809250628813025,0.772306538501786,0.760880616451607,0.736089588403613,0.377309080459391,-0.504681119955703,5,5
"UMC","GeoConflict",2013,2010,2016,5,0.349186369082304,0.401980385297103,0.434044105038911,0.537467927929535,0.28949830168301,0.13694650960222,-0.18828155884723,6,6
"UMC","GeoConflict",2014,2011,2017,5,0.467050355483151,0.42073379509962,0.317475671459995,0.671875735900153,0.366166301766227,0.125972414564203,-0.204825380417002,7,7
"UMC","GeoConflict",2015,2012,2018,5,0.134243655759058,0.421466815057666,0.762968873187645,0.402581702279693,0.568769038630673,0.510681775364188,-0.268338046520636,7,7
"UMC","GeoConflict",2016,2013,2019,5,-0.0720610490278601,0.351562515752149,0.845675853248947,0.0485679146229935,0.614489190717964,0.940068254081359,-0.120628963650854,7,7
"UMC","GeoConflict",2017,2014,2020,5,-0.253620665245217,0.298215856021847,0.43389582532565,-0.253751951475389,0.523834949744492,0.648567274526584,0.000131286230172001,7,7
"UMC","GeoConflict",2018,2015,2021,5,-0.581675125517825,0.091263065499486,0.00140653490323767,-0.850174131020807,0.118836831888034,0.000829176975149879,0.268499005502982,7,7
"UMC","GeoConflict",2019,2016,2022,5,-0.576657033048582,0.127613782444347,0.0106683556553626,-0.813696482715663,0.163467502123974,0.00760961008778419,0.237039449667081,6,6
"UMC","GeoConflict",2020,2017,2023,5,-0.408480754743187,0.0844843334961456,0.0168710928719675,-0.640127663260453,0.164286651034299,0.0299927721711672,0.231646908517265,5,5
"UMC","GeoConflict",2021,2018,2024,NA,NA,NA,NA,NA,NA,NA,NA,NA,NA
"UMC","Terror",2006,2003,2009,NA,NA,NA,NA,NA,NA,NA,NA,NA,NA
"UMC","Terror",2007,2004,2010,1,-0.050888503753988,0.155438921856197,0.764890846319219,-0.167366804014716,0.215828813435717,0.494584333707288,0.116478300260728,5,5
"UMC","Terror",2008,2005,2011,3,0.306404922116456,0.393090403136734,0.479241857677336,0.00185410596719987,0.240688169484454,0.994222556567157,0.304550816149256,6,6
"UMC","Terror",2009,2006,2012,3,0.631090528699433,0.391324014532697,0.167726948634732,0.122163144908231,0.207052828568571,0.580837828865882,0.508927383791202,7,7
"UMC","Terror",2010,2007,2013,2,0.864155607957453,0.410617129539082,0.0892389935520563,0.191274524292751,0.207764204601508,0.399482899468077,0.672881083664702,7,7
"UMC","Terror",2011,2008,2014,2,1.04072402992523,0.466946929396083,0.0762814308307338,0.288363744889145,0.406568798478426,0.509855824026289,0.752360285036084,7,7
"UMC","Terror",2012,2009,2015,2,0.985689587840428,0.382647930040476,0.0496742374985184,0.515065248820759,0.501461777770716,0.351459841403085,0.470624339019669,7,7
"UMC","Terror",2013,2010,2016,1,0.87634938581366,0.64925205558706,0.234973649621314,0.546754708549031,0.807051622872705,0.528180557925979,0.329594677264629,7,7
"UMC","Terror",2014,2011,2017,5,-0.870090478454456,0.722146251710393,0.282166285488103,0.691062211138731,0.903881749888371,0.479049056344674,-1.56115268959319,7,7
"UMC","Terror",2015,2012,2018,5,-1.00260969239138,0.896232258809348,0.314116152609863,0.645605349304705,0.838143034728877,0.47593346705195,-1.64821504169609,7,7
"UMC","Terror",2016,2013,2019,5,-0.112609708924108,0.896292306973913,0.904912823794429,0.362754405753346,0.540349576679156,0.531770010505211,-0.475364114677454,7,7
"UMC","Terror",2017,2014,2020,1,0.493583608004989,1.08780789878962,0.6690299382181,1.16536966184916,0.925017805675294,0.26333231027293,-0.671786053844172,7,7
"UMC","Terror",2018,2015,2021,1,1.12818043444093,0.956700020733041,0.303652285634081,1.92776182477246,0.774374202824482,0.0551986049318654,-0.79958139033153,6,7
"UMC","Terror",2019,2016,2022,1,0.951665246211887,0.814260801429876,0.326929196063199,1.73924477173703,0.669623492109357,0.0602160371314606,-0.787579525525147,5,6
"UMC","Terror",2020,2017,2023,NA,NA,NA,NA,NA,NA,NA,NA,NA,NA
"UMC","Terror",2021,2018,2024,NA,NA,NA,NA,NA,NA,NA,NA,NA,NA
"UMC","Tech",2006,2003,2009,NA,NA,NA,NA,NA,NA,NA,NA,NA,NA
"UMC","Tech",2007,2004,2010,3,-0.0148112011626575,0.155372549920883,0.93006574187997,0.00012283476901395,0.339285710473853,0.999733863020824,-0.0149340359316714,5,5
"UMC","Tech",2008,2005,2011,3,-0.00764522167128008,0.172912414427348,0.966852685529988,0.0124939111678151,0.348494803999269,0.973118895927372,-0.0201391328390952,6,6
"UMC","Tech",2009,2006,2012,3,-0.0253981642519932,0.173886432239695,0.889578676653417,-0.0279679959285575,0.360879921147574,0.941231956698965,0.00256983167656429,7,7
"UMC","Tech",2010,2007,2013,1,0.23302220602124,0.24464646697345,0.384591834471292,0.284049445005816,0.27261551087331,0.345174556977982,-0.0510272389845762,7,7
"UMC","Tech",2011,2008,2014,3,0.0223722621737463,0.192982248245833,0.912220876949647,0.0434701070211508,0.433638996401715,0.924045307656593,-0.0210978448474045,7,7
"UMC","Tech",2012,2009,2015,4,-0.227485862584945,0.121203175026348,0.119351410225195,-0.655498968960791,0.261906338272464,0.0543038747037735,0.428013106375846,7,7
"UMC","Tech",2013,2010,2016,1,-0.187855127199999,0.569716028736261,0.754966185196843,-0.110757944786641,0.565387570253296,0.852403178354624,-0.077097182413358,7,7
"UMC","Tech",2014,2011,2017,1,-0.737481214880169,0.387156199016942,0.115141929432025,-0.531022191145551,0.422550982130529,0.264373168525988,-0.206459023734618,7,7
"UMC","Tech",2015,2012,2018,1,-1.05333733879471,0.483880543282467,0.0814355488071082,-0.450265603066882,0.57757945224383,0.470913076892706,-0.603071735727825,7,7
"UMC","Tech",2016,2013,2019,4,-1.51400985186295,0.440215072304296,0.0184502965678423,-0.651294785236517,0.22626305903742,0.034649346193853,-0.862715066626431,7,7
"UMC","Tech",2017,2014,2020,5,-1.38518004057343,0.551074206639106,0.0535918033596409,-0.647239350676343,0.455740431958929,0.214788828164723,-0.737940689897084,7,7
"UMC","Tech",2018,2015,2021,4,-0.321986941219935,2.21699348273025,0.890197827426761,1.77524619595204,2.12858557061085,0.442287937562798,-2.09723313717198,7,7
"UMC","Tech",2019,2016,2022,4,0.933431692129421,1.56821239347967,0.583735951695386,2.69905142614642,1.97585258921656,0.243694794518617,-1.765619734017,6,6
"UMC","Tech",2020,2017,2023,1,2.29410730021293,2.04913107897745,0.344459453101973,5.24890843477356,0.685314649854769,0.00462278714940581,-2.95480113456063,5,5
"UMC","Tech",2021,2018,2024,NA,NA,NA,NA,NA,NA,NA,NA,NA,NA
"LMC","Geophysical",2006,2003,2009,NA,NA,NA,NA,NA,NA,NA,NA,NA,NA
"LMC","Geophysical",2007,2004,2010,NA,NA,NA,NA,NA,NA,NA,NA,NA,NA
"LMC","Geophysical",2008,2005,2011,1,0.499739466895577,0.193885634297328,0.0819577024504231,0.148074881184366,0.212672525131763,0.536362784389116,0.351664585711211,5,5
"LMC","Geophysical",2009,2006,2012,1,0.454567576958517,0.160537956402071,0.0472717791912077,0.293716712886083,0.231269823633896,0.272929973280874,0.160850864072433,6,6
"LMC","Geophysical",2010,2007,2013,2,0.468789167262521,0.1017669240295,0.00580599258837411,0.106836837796999,0.187556429599233,0.593569239671121,0.361952329465523,7,7
"LMC","Geophysical",2011,2008,2014,1,0.519431282254072,0.159550126700156,0.0225553950026704,0.34486206643785,0.176953817156682,0.108825865287542,0.174569215816222,7,7
"LMC","Geophysical",2012,2009,2015,1,0.676803221227009,0.139108892059265,0.00461184549197261,0.456468576969925,0.198535188994159,0.0698437384456099,0.220334644257084,7,7
"LMC","Geophysical",2013,2010,2016,4,0.341061311144902,0.10694753018555,0.0242907227482583,0.431531445519095,0.139761448888372,0.027232646274162,-0.0904701343741925,7,7
"LMC","Geophysical",2014,2011,2017,2,0.356753283250663,0.230569477658428,0.182471778245257,0.584878525648369,0.239048469026117,0.0581724644903944,-0.228125242397706,7,7
"LMC","Geophysical",2015,2012,2018,1,0.595997391539626,0.415308984654238,0.210739175281,0.132899927924534,0.333782731138672,0.706942587063283,0.463097463615093,7,7
"LMC","Geophysical",2016,2013,2019,1,0.470512712882083,0.562250118354472,0.440833020614691,0.562848640460602,0.608124434210125,0.397155185133253,-0.0923359275785188,7,7
"LMC","Geophysical",2017,2014,2020,1,0.313712391928977,1.09089912387372,0.785212024224267,0.252826307034491,0.86320777912669,0.781370979169323,0.0608860848944858,7,7
"LMC","Geophysical",2018,2015,2021,1,1.3459039443364,0.940420133398442,0.211792843491096,1.07832018609319,0.988773964168654,0.325209318722105,0.267583758243217,7,7
"LMC","Geophysical",2019,2016,2022,1,1.36080348565107,0.926487839250554,0.215818784391917,1.08615287924042,1.07424728365288,0.369169198410342,0.274650606410644,6,6
"LMC","Geophysical",2020,2017,2023,1,1.35222275660155,1.03296195505946,0.281752193814109,1.10205781724948,1.12768289761368,0.40050553068666,0.25016493935207,5,5
"LMC","Geophysical",2021,2018,2024,NA,NA,NA,NA,NA,NA,NA,NA,NA,NA
"LMC","Climate",2006,2003,2009,NA,NA,NA,NA,NA,NA,NA,NA,NA,NA
"LMC","Climate",2007,2004,2010,1,-0.324668343676618,0.0537434046488073,0.00909625241693595,0.0220144571898295,0.194584992304214,0.91706920697595,-0.346682800866448,5,5
"LMC","Climate",2008,2005,2011,1,-0.537214971184801,0.20743006209659,0.0606928221225059,-0.0179895182490511,0.154163414798252,0.912728970427992,-0.51922545293575,6,6
"LMC","Climate",2009,2006,2012,5,-0.638989805269352,0.157022455081819,0.00963947531882158,0.512059011075323,0.1540761298539,0.020929626426221,-1.15104881634467,7,7
"LMC","Climate",2010,2007,2013,5,-0.593997948479659,0.223353333611103,0.0449133428273092,0.240167833969599,0.310445787733736,0.474123604878948,-0.834165782449258,7,7
"LMC","Climate",2011,2008,2014,5,-0.128498611383446,0.246502953349739,0.624424167628744,-0.32357386927816,0.417032318739791,0.472894956533711,0.195075257894714,7,7
"LMC","Climate",2012,2009,2015,5,0.0831555121154553,0.219627624176721,0.720513594789767,-0.494353132637669,0.354317636566288,0.22175157477338,0.577508644753124,7,7
"LMC","Climate",2013,2010,2016,5,0.641079340954202,0.221710156464094,0.0341262702652559,-1.402573540502,0.342392919757859,0.00938795151935742,2.0436528814562,7,7
"LMC","Climate",2014,2011,2017,2,0.699071919904284,0.267847535608498,0.0476719724048389,-0.640220487094079,0.677539363953833,0.38808763619577,1.33929240699836,7,7
"LMC","Climate",2015,2012,2018,1,0.918120082225185,0.420100592898956,0.0805546932067616,0.120228379079973,0.562512226537949,0.83919626286404,0.797891703145213,7,7
"LMC","Climate",2016,2013,2019,1,1.10383193137538,0.720546347604146,0.186106155728727,0.925473679615903,0.684437113570243,0.234261856488734,0.178358251759473,7,7
"LMC","Climate",2017,2014,2020,2,1.33690901798783,0.666356808017071,0.10112328886216,0.889683396473443,0.816682086733403,0.325680003177545,0.447225621514383,7,7
"LMC","Climate",2018,2015,2021,3,2.0749062294168,0.431993011846471,0.004870323420911,-0.153454752755865,0.78080611715267,0.85193103158303,2.22836098217266,7,7
"LMC","Climate",2019,2016,2022,3,2.28806517523885,0.473957472617531,0.00847620307268035,-0.705312209257642,0.722900236820919,0.384473833315031,2.99337738449649,6,6
"LMC","Climate",2020,2017,2023,3,2.54766757366965,0.540852903010457,0.0181113379911122,-1.4293047945584,0.388694025888538,0.034825072457109,3.97697236822804,5,5
"LMC","Climate",2021,2018,2024,NA,NA,NA,NA,NA,NA,NA,NA,NA,NA
"LMC","Diseases",2006,2003,2009,NA,NA,NA,NA,NA,NA,NA,NA,NA,NA
"LMC","Diseases",2007,2004,2010,1,0.946589265222407,0.861520253073344,0.352152744377994,1.57985404434239,0.599242587127555,0.0778948266921066,-0.633264779119987,5,5
"LMC","Diseases",2008,2005,2011,1,0.281252845349129,0.764471684392177,0.731585415853837,0.957993380094156,0.605822741180336,0.188965590385974,-0.676740534745027,6,6
"LMC","Diseases",2009,2006,2012,1,0.00247101062919854,0.679218903752913,0.997237975335079,0.601622834678274,0.603891987262734,0.364871485002053,-0.599151824049076,7,7
"LMC","Diseases",2010,2007,2013,1,-0.624747168125626,0.74430688962864,0.439538734063733,0.236923143371162,0.732046623012477,0.759305764963442,-0.861670311496787,7,7
"LMC","Diseases",2011,2008,2014,5,-1.13427154839169,0.188194359683409,0.00180922452644909,0.619452489606736,0.228017290959473,0.0419400874268443,-1.75372403799843,7,7
"LMC","Diseases",2012,2009,2015,5,-0.178559201406572,0.548414094963135,0.75791720083805,-0.223574456710321,0.381979287422429,0.583760957835572,0.0450152553037491,7,7
"LMC","Diseases",2013,2010,2016,5,0.301814787705374,1.33476252786602,0.830061873490147,-0.358834455463246,0.828078854906503,0.682829824513027,0.660649243168619,7,7
"LMC","Diseases",2014,2011,2017,5,0.821641749393282,1.8756358431507,0.679620808454003,-0.454898267927367,0.901922356339524,0.635439575399849,1.27654001732065,7,7
"LMC","Diseases",2015,2012,2018,5,0.152079883820415,2.20786482924719,0.947754209139204,-0.316236254658944,0.887838243477539,0.736237055204493,0.468316138479359,7,7
"LMC","Diseases",2016,2013,2019,5,-0.127378593793281,2.44744864575699,0.960507781859654,-0.384523031194862,0.722993131577967,0.617603753218507,0.257144437401581,7,7
"LMC","Diseases",2017,2014,2020,5,-1.12448542949699,2.14994595089083,0.623295496745909,-1.09351053455232,0.443279305660762,0.0567481143032253,-0.0309748949446707,7,7
"LMC","Diseases",2018,2015,2021,1,0.667839671298571,1.8240887843921,0.729254690515943,1.7794642425687,1.40803931363277,0.262022478710304,-1.11162457127012,7,7
"LMC","Diseases",2019,2016,2022,1,1.01853387391259,1.87204532776411,0.61529668108895,2.10799904047551,1.36306186648641,0.1968819375477,-1.08946516656292,6,6
"LMC","Diseases",2020,2017,2023,1,0.811391737723159,1.90950594937,0.699528551492386,1.99028396499944,1.46922726783203,0.268520772013438,-1.17889222727628,5,5
"LMC","Diseases",2021,2018,2024,NA,NA,NA,NA,NA,NA,NA,NA,NA,NA
"LMC","Food",2006,2003,2009,NA,NA,NA,NA,NA,NA,NA,NA,NA,NA
"LMC","Food",2007,2004,2010,4,0.077963758870349,0.183074390300489,0.698916540394613,-0.352951025975734,0.0538806685301846,0.00723335938974861,0.430914784846083,5,5
"LMC","Food",2008,2005,2011,4,0.133142789059344,0.152999435608053,0.433288829373745,-0.152502509856077,0.208336052001549,0.504745607265147,0.285645298915421,6,6
"LMC","Food",2009,2006,2012,4,-0.287494229314769,0.336430342583997,0.43183265698874,-0.134707707784013,0.160571189401501,0.439763437077426,-0.152786521530756,7,7
"LMC","Food",2010,2007,2013,3,-0.411174872842009,0.436672621382079,0.389625580246057,0.0336547945212364,0.232096696697778,0.890372148565003,-0.444829667363246,7,7
"LMC","Food",2011,2008,2014,3,-0.414525406923583,0.475840293805106,0.432838574866829,0.00569440253061836,0.237334082850337,0.981786143611046,-0.420219809454202,6,7
"LMC","Food",2012,2009,2015,4,-0.433794119675679,0.468816638892177,0.423059422986412,0.0543057159995657,0.152331689180923,0.736018952311478,-0.488099835675245,5,7
"LMC","Food",2013,2010,2016,NA,NA,NA,NA,NA,NA,NA,NA,NA,NA
"LMC","Food",2014,2011,2017,NA,NA,NA,NA,NA,NA,NA,NA,NA,NA
"LMC","Food",2015,2012,2018,NA,NA,NA,NA,NA,NA,NA,NA,NA,NA
"LMC","Food",2016,2013,2019,NA,NA,NA,NA,NA,NA,NA,NA,NA,NA
"LMC","Food",2017,2014,2020,NA,NA,NA,NA,NA,NA,NA,NA,NA,NA
"LMC","Food",2018,2015,2021,NA,NA,NA,NA,NA,NA,NA,NA,NA,NA
"LMC","Food",2019,2016,2022,NA,NA,NA,NA,NA,NA,NA,NA,NA,NA
"LMC","Food",2020,2017,2023,NA,NA,NA,NA,NA,NA,NA,NA,NA,NA
"LMC","Food",2021,2018,2024,NA,NA,NA,NA,NA,NA,NA,NA,NA,NA
"LMC","Economic",2006,2003,2009,NA,NA,NA,NA,NA,NA,NA,NA,NA,NA
"LMC","Economic",2007,2004,2010,5,-0.20574315716355,0.0424602868735457,0.0167711111920932,-0.37999280963788,0.0611903737672688,0.00841527140666204,0.17424965247433,5,5
"LMC","Economic",2008,2005,2011,5,-0.20141839536787,0.0523666653932426,0.0183603332986721,-0.36137612762053,0.169238209007946,0.0996113430248022,0.159957732252659,6,6
"LMC","Economic",2009,2006,2012,5,-0.198837742193254,0.0481777608009606,0.00911006149996142,-0.390161012924597,0.202470697598312,0.111919811135224,0.191323270731344,7,7
"LMC","Economic",2010,2007,2013,5,-0.141075052287798,0.0621576065543593,0.0724719560941643,-0.227991065200297,0.275588179110893,0.445746604115466,0.0869160129124986,7,7
"LMC","Economic",2011,2008,2014,1,-0.0869600078891131,0.356705098662392,0.817082838751481,0.423514274687355,0.351104797551234,0.281683988662152,-0.510474282576468,7,7
"LMC","Economic",2012,2009,2015,1,0.015501144976089,0.337433447947791,0.965137682458974,0.563409849464328,0.273220396196002,0.0941803264042684,-0.547908704488239,7,7
"LMC","Economic",2013,2010,2016,5,-0.0920729593566165,0.0869539395499644,0.338108152302668,0.379004524345043,0.198221625127213,0.114089672830256,-0.471077483701659,7,7
"LMC","Economic",2014,2011,2017,1,0.141870672171191,1.10912301366089,0.903203677278453,0.930501413245218,0.956854604366644,0.375485206070365,-0.788630741074026,7,7
"LMC","Economic",2015,2012,2018,5,0.400107751290192,0.704153708984437,0.594458765881853,0.201749040290924,0.384001351219089,0.621771611288094,0.198358710999268,7,7
"LMC","Economic",2016,2013,2019,1,1.48010061122302,1.97269090865733,0.48686146979394,1.29710021687805,1.23611717821611,0.34207350265208,0.183000394344967,7,7
"LMC","Economic",2017,2014,2020,1,2.14950612896359,2.26378759264513,0.396124874183283,3.3787175301251,1.45037486512504,0.0672491213694702,-1.22921140116151,6,7
"LMC","Economic",2018,2015,2021,1,6.89846272344861,1.75051872067575,0.0291207875498094,4.72179717139833,1.77477342132244,0.0563605609687528,2.17666555205028,5,6
"LMC","Economic",2019,2016,2022,NA,NA,NA,NA,NA,NA,NA,NA,NA,NA
"LMC","Economic",2020,2017,2023,NA,NA,NA,NA,NA,NA,NA,NA,NA,NA
"LMC","Economic",2021,2018,2024,NA,NA,NA,NA,NA,NA,NA,NA,NA,NA
"LMC","GeoConflict",2006,2003,2009,NA,NA,NA,NA,NA,NA,NA,NA,NA,NA
"LMC","GeoConflict",2007,2004,2010,NA,NA,NA,NA,NA,NA,NA,NA,NA,NA
"LMC","GeoConflict",2008,2005,2011,NA,NA,NA,NA,NA,NA,NA,NA,NA,NA
"LMC","GeoConflict",2009,2006,2012,NA,NA,NA,NA,NA,NA,NA,NA,NA,NA
"LMC","GeoConflict",2010,2007,2013,5,3.31477023339922,1.44333628312405,0.105316014753215,0.0334808990611992,0.137438929785175,0.823244519692099,3.28128933433803,5,5
"LMC","GeoConflict",2011,2008,2014,5,-0.942810700327252,1.64506572003875,0.606707241979366,-0.531677207858316,0.18891377611841,0.0670486368899831,-0.411133492468936,5,5
"LMC","GeoConflict",2012,2009,2015,2,0.458370572395769,0.868864290416008,0.634338521172707,0.766731488675869,0.714799562974573,0.36203808302022,-0.3083609162801,5,5
"LMC","GeoConflict",2013,2010,2016,2,0.63222451609725,0.723456645098527,0.431504265721905,1.08164389086646,0.681962541514282,0.187907093734084,-0.449419374769212,6,6
"LMC","GeoConflict",2014,2011,2017,2,0.794561362843435,0.707677821889698,0.31253528608817,1.28122587579723,0.713369152575153,0.132434312204637,-0.486664512953793,7,7
"LMC","GeoConflict",2015,2012,2018,2,0.286716052263762,0.587040041779181,0.64592526866773,0.879182879491312,0.825389234391314,0.335508580808689,-0.592466827227549,7,7
"LMC","GeoConflict",2016,2013,2019,2,0.0312063635964141,0.370788324251565,0.936193293105571,0.427846035032155,0.746198139068343,0.591218948159814,-0.396639671435741,7,7
"LMC","GeoConflict",2017,2014,2020,2,-0.198715870241455,0.344874368232497,0.589445638266308,0.0854650782198126,0.52679460300292,0.877472535527383,-0.284180948461268,7,7
"LMC","GeoConflict",2018,2015,2021,5,-0.66190922326586,0.0704907232647703,0.000230991039116586,-1.10249493186364,0.137141248065399,0.000481757655313347,0.44058570859778,7,7
"LMC","GeoConflict",2019,2016,2022,5,-0.648041771043632,0.0979435723388369,0.00270545487323997,-1.04140511979208,0.185017952180626,0.00490063619390984,0.393363348748444,6,6
"LMC","GeoConflict",2020,2017,2023,5,-0.507318238789354,0.0354335352546803,0.0007384105283923,-0.83243312410962,0.172662253459655,0.0170032122373227,0.325114885320265,5,5
"LMC","GeoConflict",2021,2018,2024,NA,NA,NA,NA,NA,NA,NA,NA,NA,NA
"LMC","Terror",2006,2003,2009,NA,NA,NA,NA,NA,NA,NA,NA,NA,NA
"LMC","Terror",2007,2004,2010,1,-0.105306913581085,0.275560381664418,0.727810860482027,-0.334411584302193,0.271411329427608,0.305667802513887,0.229104670721108,5,5
"LMC","Terror",2008,2005,2011,2,0.270650586843155,0.371089238557426,0.506204978239559,-0.029080019969281,0.272674185010923,0.920203338775096,0.299730606812436,6,6
"LMC","Terror",2009,2006,2012,2,0.696344196636622,0.43258330216786,0.168370364270985,0.18509707316435,0.266208232848529,0.517844005302582,0.511247123472272,7,7
"LMC","Terror",2010,2007,2013,2,0.920381123732324,0.483091950273241,0.115094532927228,0.334860354320261,0.311832399782957,0.331959230504046,0.585520769412063,7,7
"LMC","Terror",2011,2008,2014,2,1.1321316208489,0.434912270919178,0.0480673998399387,0.478130116803221,0.469536490849969,0.355249584399302,0.654001504045679,7,7
"LMC","Terror",2012,2009,2015,1,1.03837101458231,0.480796623659212,0.0832197126169513,0.797981902318816,0.599413066770065,0.240568036961129,0.240389112263492,7,7
"LMC","Terror",2013,2010,2016,1,0.844912430485765,0.611288828510467,0.225473480482355,0.760399639145724,0.775989225084361,0.372133037297016,0.0845127913400406,7,7
"LMC","Terror",2014,2011,2017,5,-0.600969869847209,0.5385555658402,0.315206206922384,0.731495035249708,0.979110777720713,0.48862439725244,-1.33246490509692,7,7
"LMC","Terror",2015,2012,2018,5,-0.688761280606503,0.638113935758156,0.329715797580572,0.647944113690769,0.853967054100772,0.48221879212969,-1.33670539429727,7,7
"LMC","Terror",2016,2013,2019,5,-0.0802785225735693,0.623946997678715,0.902639905885591,0.307807436867949,0.541110202742116,0.594060231977795,-0.388085959441518,7,7
"LMC","Terror",2017,2014,2020,1,0.307200353699778,0.820384938350855,0.723418954636837,0.574513917975526,0.734782622571019,0.469671453810516,-0.267313564275747,7,7
"LMC","Terror",2018,2015,2021,1,0.899326940139054,0.533300851208072,0.167008042158537,1.13896276551996,0.703359771912908,0.166304053541159,-0.239635825380906,6,7
"LMC","Terror",2019,2016,2022,1,0.777494668350544,0.331680423386816,0.100844251580985,0.934561331842734,0.506834053072329,0.138965373899735,-0.15706666349219,5,6
"LMC","Terror",2020,2017,2023,NA,NA,NA,NA,NA,NA,NA,NA,NA,NA
"LMC","Terror",2021,2018,2024,NA,NA,NA,NA,NA,NA,NA,NA,NA,NA
"LMC","Tech",2006,2003,2009,NA,NA,NA,NA,NA,NA,NA,NA,NA,NA
"LMC","Tech",2007,2004,2010,4,-0.0538404910016157,0.171777768566853,0.774481370834072,-0.0626440054132244,0.297849453569304,0.84689182077507,0.00880351441160868,5,5
"LMC","Tech",2008,2005,2011,4,-0.046740765920552,0.183581415174615,0.81158185855317,-0.0479989088386276,0.34029749145934,0.894648805569861,0.00125814291807556,6,6
"LMC","Tech",2009,2006,2012,4,-0.0740659796809117,0.205455583914927,0.733204879201027,-0.0955092312010648,0.372341856814364,0.807777433958413,0.021443251520153,7,7
"LMC","Tech",2010,2007,2013,1,0.291959610626041,0.232889868772749,0.265397130802389,0.484724903691632,0.310194739732533,0.178896538757165,-0.192765293065591,7,7
"LMC","Tech",2011,2008,2014,1,0.0366432092655822,0.361062979457722,0.923108015670019,0.0105820193663435,0.37261932802794,0.97844257009407,0.0260611898992388,7,7
"LMC","Tech",2012,2009,2015,1,-0.279740660634522,0.362589333096856,0.475268036780442,-0.487751539575393,0.307538381309612,0.173600790251879,0.208010878940871,7,7
"LMC","Tech",2013,2010,2016,1,-0.346388172828939,0.839628603597824,0.697030120970883,-1.3258860214224,0.662190493575547,0.101644050677968,0.979497848593462,7,7
"LMC","Tech",2014,2011,2017,2,-0.610398014503276,0.309217617535301,0.105382434623461,-0.98956654606185,0.479946831914277,0.0942141487850283,0.379168531558573,7,7
"LMC","Tech",2015,2012,2018,1,-0.332483345694556,0.442975848819172,0.486711315082765,-0.613210261713707,0.554728318374755,0.319307414837588,0.280726916019151,7,7
"LMC","Tech",2016,2013,2019,5,-0.473783529482723,0.184549093509951,0.050202652424992,-1.04624542152359,0.348991909335341,0.0301717188487275,0.572461892040869,7,7
"LMC","Tech",2017,2014,2020,4,-0.380897178497529,0.25768873699203,0.199424806247642,-0.883228611906091,0.399542466655898,0.0780455296329142,0.502331433408562,7,7
"LMC","Tech",2018,2015,2021,5,0.0905708006132091,0.632386350225432,0.891708839364787,-0.00153395013115087,1.53107163539875,0.999239359411698,0.0921047507443599,7,7
"LMC","Tech",2019,2016,2022,4,0.423666558698421,0.553407089389063,0.486614237631955,1.31605304030253,0.944427704941276,0.235908472895557,-0.892386481604113,6,6
"LMC","Tech",2020,2017,2023,4,0.648442111088779,0.620903679423799,0.373066335325862,2.0334288417751,0.612345243012248,0.0450297746400403,-1.38498673068632,5,5
"LMC","Tech",2021,2018,2024,NA,NA,NA,NA,NA,NA,NA,NA,NA,NA
"LIC","Geophysical",2006,2003,2009,NA,NA,NA,NA,NA,NA,NA,NA,NA,NA
"LIC","Geophysical",2007,2004,2010,NA,NA,NA,NA,NA,NA,NA,NA,NA,NA
"LIC","Geophysical",2008,2005,2011,5,-0.102575816774717,0.0811893762893124,0.295697313198774,-0.205062536801006,0.100739948442312,0.134620431906439,0.102486720026288,5,5
"LIC","Geophysical",2009,2006,2012,5,-0.127932692295488,0.0697204586956343,0.140420627322274,-0.245026038994887,0.0906171019203691,0.0538723118050412,0.117093346699399,6,6
"LIC","Geophysical",2010,2007,2013,5,-0.154595671272968,0.0600734369718648,0.0498266206949144,-0.291709471806742,0.0826653349907805,0.0167611647284372,0.137113800533774,7,7
"LIC","Geophysical",2011,2008,2014,5,-0.136994957642833,0.0521145989123914,0.0466048127199939,-0.28664315950703,0.0833105937739958,0.018422314538988,0.149648201864196,7,7
"LIC","Geophysical",2012,2009,2015,4,-0.0873739762677183,0.0568257662941723,0.184761329681953,-0.319718865255692,0.0864774599912144,0.0140411200888651,0.232344888987974,7,7
"LIC","Geophysical",2013,2010,2016,1,0.033961753601434,0.278906865383008,0.90782576537486,-0.11071212307242,0.304804856176879,0.731289245882462,0.144673876673854,7,7
"LIC","Geophysical",2014,2011,2017,1,0.0340313168212236,0.455348737021031,0.943322107704475,0.239995827062792,0.397886609279975,0.572704796640191,-0.205964510241568,7,7
"LIC","Geophysical",2015,2012,2018,5,0.160751557745739,0.202749387697963,0.463803277331552,-0.296564504984912,0.067907674330914,0.0072412737950105,0.457316062730652,7,7
"LIC","Geophysical",2016,2013,2019,5,0.407456487318321,0.299253873517533,0.231473477538272,-0.274722174915494,0.120022076262649,0.0707438485726919,0.682178662233816,7,7
"LIC","Geophysical",2017,2014,2020,5,0.588291880827509,0.577357970111465,0.354975563972725,-0.196227774166948,0.210546699191906,0.394120573954584,0.784519654994457,7,7
"LIC","Geophysical",2018,2015,2021,5,-0.925741130498495,0.677013868663586,0.229765669005778,0.128191207924287,0.227526321147127,0.597482743337967,-1.05393233842278,7,7
"LIC","Geophysical",2019,2016,2022,5,-0.938126801922135,0.634140645865685,0.213133956555465,0.133727577155942,0.174848460897977,0.487008958095377,-1.07185437907808,6,6
"LIC","Geophysical",2020,2017,2023,5,-0.955505412463993,0.465821773454363,0.132607877665091,0.138920335482416,0.110735753535684,0.298496121490399,-1.09442574794641,5,5
"LIC","Geophysical",2021,2018,2024,NA,NA,NA,NA,NA,NA,NA,NA,NA,NA
"LIC","Climate",2006,2003,2009,NA,NA,NA,NA,NA,NA,NA,NA,NA,NA
"LIC","Climate",2007,2004,2010,3,-0.440681832730054,0.117027573482218,0.0327636737486696,0.367153724851083,0.160815736475791,0.106633513069242,-0.807835557581137,5,5
"LIC","Climate",2008,2005,2011,5,-0.563100645353301,0.215101660232665,0.0589331066037458,0.315369216786873,0.0802349072312057,0.0170947549381795,-0.878469862140174,6,6
"LIC","Climate",2009,2006,2012,5,-0.614333626599035,0.205015904942617,0.030219981174789,0.290114769768999,0.0813756956685211,0.0161266805335334,-0.904448396368034,7,7
"LIC","Climate",2010,2007,2013,5,-0.640270825353276,0.30658977502637,0.091088994450807,0.0169435158054772,0.250685175572361,0.948732493721282,-0.657214341158753,7,7
"LIC","Climate",2011,2008,2014,5,-0.0614846001247517,0.311522393696185,0.851312056589491,-0.557298530627411,0.454059154134687,0.274313956780638,0.495813930502659,7,7
"LIC","Climate",2012,2009,2015,5,0.322788784850905,0.31394415917687,0.351013355056281,-0.677902477543485,0.390459010290939,0.143049686560385,1.00069126239439,7,7
"LIC","Climate",2013,2010,2016,5,0.953958807447969,0.390748393796285,0.05855535106079,-1.68742467658044,0.345620899785486,0.00454388989199446,2.64138348402841,7,7
"LIC","Climate",2014,2011,2017,5,1.24628012185444,0.299268164118267,0.00878632740225047,-1.38439900995089,0.266377355088898,0.00347532147705865,2.63067913180533,7,7
"LIC","Climate",2015,2012,2018,2,1.50227107048162,0.380974050997073,0.0109244199944505,-0.777742638757429,0.474264823568399,0.161952393369477,2.28001370923905,7,7
"LIC","Climate",2016,2013,2019,1,3.07900522652126,0.982933696982241,0.0258853475772443,0.757880379595491,1.03815632307997,0.498127052940557,2.32112484692577,7,7
"LIC","Climate",2017,2014,2020,2,3.29779086319926,0.601979005129378,0.002762696161548,1.91130064119678,1.24293124520846,0.184723387675374,1.38649022200248,7,7
"LIC","Climate",2018,2015,2021,2,2.81721571908089,0.813868910835103,0.0180130165652512,-0.0135631183881585,1.90071206454543,0.99458245345199,2.83077883746905,7,7
"LIC","Climate",2019,2016,2022,2,2.79733448400837,1.00749591642476,0.0499960708303192,-1.18618418636386,1.91785867534335,0.569730410350153,3.98351867037223,6,6
"LIC","Climate",2020,2017,2023,3,2.48153564189787,0.82521458013699,0.0573420200109534,-1.72720935325957,1.47673647937069,0.326629119284133,4.20874499515745,5,5
"LIC","Climate",2021,2018,2024,NA,NA,NA,NA,NA,NA,NA,NA,NA,NA
"LIC","Diseases",2006,2003,2009,NA,NA,NA,NA,NA,NA,NA,NA,NA,NA
"LIC","Diseases",2007,2004,2010,1,0.0821210557216566,0.590415856002974,0.898191109099181,0.769333350524859,0.300264670321172,0.0830559985988177,-0.687212294803202,5,5
"LIC","Diseases",2008,2005,2011,1,-0.213752591342949,0.464422307262381,0.669241320761299,0.270585976837641,0.407704780089641,0.543192293641617,-0.48433856818059,6,6
"LIC","Diseases",2009,2006,2012,1,-0.274956559679817,0.382566609159978,0.504492051204984,0.060378978657815,0.390365657457057,0.883128946414128,-0.335335538337632,7,7
"LIC","Diseases",2010,2007,2013,5,-0.444522272266919,0.101761201645345,0.0072336844803889,-0.0214672700275594,0.0679345768865942,0.764768325522151,-0.42305500223936,7,7
"LIC","Diseases",2011,2008,2014,5,-0.740273703937956,0.104358914558148,0.000862369280520817,-0.0870287048925443,0.168518491487235,0.627571690427244,-0.653244999045412,7,7
"LIC","Diseases",2012,2009,2015,5,0.0806104772486857,0.500335243419744,0.878311992446117,-0.463481642675514,0.295737012643258,0.17784915121823,0.5440921199242,7,7
"LIC","Diseases",2013,2010,2016,5,0.312347769836761,1.51039286781506,0.844324656935897,-0.319677422481064,0.612872625330364,0.624217747545833,0.632025192317826,7,7
"LIC","Diseases",2014,2011,2017,5,0.811458714099983,2.05202388673581,0.708824138628164,-0.303300535754621,0.585311649002949,0.626433991336156,1.1147592498546,7,7
"LIC","Diseases",2015,2012,2018,5,0.138577170237833,2.35035580130657,0.955267813151641,-0.238421922520044,0.561237869870956,0.688632855348571,0.376999092757877,7,7
"LIC","Diseases",2016,2013,2019,5,-0.167917163287689,2.62594856014009,0.95149150907329,-0.307350898415897,0.456548545386528,0.530673443566988,0.139433735128207,7,7
"LIC","Diseases",2017,2014,2020,5,-1.21575274982546,2.30662619028243,0.620684375228593,-0.997623519557142,0.397336737343106,0.0537769907316972,-0.218129230268319,7,7
"LIC","Diseases",2018,2015,2021,1,0.260958239674579,2.11719101366731,0.906705069947344,2.13855460784386,1.69930958718346,0.263781042139136,-1.87759636816928,7,7
"LIC","Diseases",2019,2016,2022,1,0.718644571021362,2.10483367733519,0.749964934485384,2.50488422631149,1.69086329337075,0.212616623585852,-1.78623965529013,6,6
"LIC","Diseases",2020,2017,2023,1,0.487476667377092,2.15169773504899,0.835329443649724,2.31831479877202,1.72614049298554,0.27182044116048,-1.83083813139493,5,5
"LIC","Diseases",2021,2018,2024,NA,NA,NA,NA,NA,NA,NA,NA,NA,NA
"LIC","Food",2006,2003,2009,NA,NA,NA,NA,NA,NA,NA,NA,NA,NA
"LIC","Food",2007,2004,2010,1,0.904108143849713,0.401157075642135,0.109557130532874,-0.235303586008853,0.597624673658099,0.72009498904868,1.13941172985857,5,5
"LIC","Food",2008,2005,2011,1,1.06470878512126,0.352106344768104,0.0390162521050726,0.0458150185406846,0.545651591915448,0.937119418288988,1.01889376658058,6,6
"LIC","Food",2009,2006,2012,1,1.5795257380556,0.471165105077426,0.0202759437323952,0.402611507551028,0.497135045730328,0.454818433936503,1.17691423050457,7,7
"LIC","Food",2010,2007,2013,1,2.45419612233147,0.954898148496503,0.0500284571837844,1.06683235089224,0.935749760790792,0.305902835562949,1.38736377143923,7,7
"LIC","Food",2011,2008,2014,1,2.43695023730519,0.906924983743869,0.0548258138572025,0.611758234825689,1.41117909832488,0.682710950981276,1.8251920024795,6,7
"LIC","Food",2012,2009,2015,1,2.55229501690145,0.817678268980233,0.0524147516791549,0.765734675093263,1.46299751486794,0.628352068187378,1.78656034180819,5,6
"LIC","Food",2013,2010,2016,NA,NA,NA,NA,NA,NA,NA,NA,NA,NA
"LIC","Food",2014,2011,2017,NA,NA,NA,NA,NA,NA,NA,NA,NA,NA
"LIC","Food",2015,2012,2018,NA,NA,NA,NA,NA,NA,NA,NA,NA,NA
"LIC","Food",2016,2013,2019,NA,NA,NA,NA,NA,NA,NA,NA,NA,NA
"LIC","Food",2017,2014,2020,NA,NA,NA,NA,NA,NA,NA,NA,NA,NA
"LIC","Food",2018,2015,2021,NA,NA,NA,NA,NA,NA,NA,NA,NA,NA
"LIC","Food",2019,2016,2022,NA,NA,NA,NA,NA,NA,NA,NA,NA,NA
"LIC","Food",2020,2017,2023,NA,NA,NA,NA,NA,NA,NA,NA,NA,NA
"LIC","Food",2021,2018,2024,NA,NA,NA,NA,NA,NA,NA,NA,NA,NA
"LIC","Economic",2006,2003,2009,NA,NA,NA,NA,NA,NA,NA,NA,NA,NA
"LIC","Economic",2007,2004,2010,5,-0.170941467339211,0.069009317027985,0.0895012038514441,-0.446889646066427,0.0365981660470618,0.00118266063929296,0.275948178727216,5,5
"LIC","Economic",2008,2005,2011,5,-0.171319916733601,0.0597533152166894,0.0456007944510162,-0.423079219045024,0.20802586064566,0.111730887362869,0.251759302311423,6,6
"LIC","Economic",2009,2006,2012,5,-0.169781376054493,0.0536931877873439,0.025036982685313,-0.461849888765853,0.259777631613996,0.13556697756989,0.29206851271136,7,7
"LIC","Economic",2010,2007,2013,5,-0.0995096653164484,0.0425923644255355,0.0666841949688102,-0.306700086150634,0.369051496449386,0.443806792418928,0.207190420834185,7,7
"LIC","Economic",2011,2008,2014,1,-0.0445889349889125,0.240186118133521,0.86002065466663,0.170902469821719,0.244437186415128,0.515626721455759,-0.215491404810632,7,7
"LIC","Economic",2012,2009,2015,1,-0.0547099894425657,0.346220483600243,0.880624180835276,0.24668802243374,0.223941818005435,0.320828418085192,-0.301398011876305,7,7
"LIC","Economic",2013,2010,2016,5,-0.0560400207925556,0.083368631624419,0.531264603447199,0.420057555296499,0.188673615752035,0.0765130448518477,-0.476097576089055,7,7
"LIC","Economic",2014,2011,2017,5,-0.446583396395477,0.519120630993155,0.428952039589093,-0.213650791199548,0.437639677235514,0.646071102863973,-0.232932605195929,7,7
"LIC","Economic",2015,2012,2018,5,0.277867444308216,0.91134620301867,0.772727420078721,0.309999005768721,0.236750103078007,0.247339648778195,-0.0321315614605043,7,7
"LIC","Economic",2016,2013,2019,1,0.919632503730496,1.89093881407691,0.647294705829899,1.91855655794269,1.24257468193754,0.183237044795338,-0.998924054212189,7,7
"LIC","Economic",2017,2014,2020,1,1.38621904911542,2.23748023398762,0.569103509840719,3.57070558849316,1.11542831532807,0.0239631123001424,-2.18448653937774,6,7
"LIC","Economic",2018,2015,2021,1,5.51100793020206,2.42841497911043,0.107986338430122,5.23608518506325,0.876220508602326,0.00394054885640997,0.274922745138809,5,6
"LIC","Economic",2019,2016,2022,NA,NA,NA,NA,NA,NA,NA,NA,NA,NA
"LIC","Economic",2020,2017,2023,NA,NA,NA,NA,NA,NA,NA,NA,NA,NA
"LIC","Economic",2021,2018,2024,NA,NA,NA,NA,NA,NA,NA,NA,NA,NA
"LIC","GeoConflict",2006,2003,2009,NA,NA,NA,NA,NA,NA,NA,NA,NA,NA
"LIC","GeoConflict",2007,2004,2010,NA,NA,NA,NA,NA,NA,NA,NA,NA,NA
"LIC","GeoConflict",2008,2005,2011,NA,NA,NA,NA,NA,NA,NA,NA,NA,NA
"LIC","GeoConflict",2009,2006,2012,NA,NA,NA,NA,NA,NA,NA,NA,NA,NA
"LIC","GeoConflict",2010,2007,2013,3,3.47982705052201,1.33346193101645,0.0797111907976113,1.19587911247815,0.578867199205735,0.130755054660675,2.28394793804387,5,5
"LIC","GeoConflict",2011,2008,2014,5,-0.731460058400115,1.50757918307844,0.660767385346931,-0.651153895605539,0.588709547245305,0.349424644959992,-0.0803061627945753,5,5
"LIC","GeoConflict",2012,2009,2015,2,0.428222022688458,0.742462222564167,0.604533234667491,0.769187564446174,0.736210332707351,0.372892000736114,-0.340965541757715,5,5
"LIC","GeoConflict",2013,2010,2016,2,0.499975669418044,0.598625993973454,0.450584620783371,1.03341339624765,0.665976694975172,0.195675466262038,-0.533437726829608,6,6
"LIC","GeoConflict",2014,2011,2017,2,0.620478553560412,0.573744612274811,0.328872728790321,1.21530711900256,0.682817079287023,0.135222282430834,-0.594828565442145,7,7
"LIC","GeoConflict",2015,2012,2018,5,0.208841850994207,0.38210510353747,0.608179361809853,0.4725665776984,0.678757327043585,0.517318205009318,-0.263724726704194,7,7
"LIC","GeoConflict",2016,2013,2019,5,0.0201566018123826,0.315656144605142,0.9515590170859,0.0882495635733204,0.663305895632975,0.899346501808114,-0.0680929617609378,7,7
"LIC","GeoConflict",2017,2014,2020,5,-0.124228118976163,0.244669514830728,0.633234969381395,-0.24969023997281,0.565325471787626,0.677171835939537,0.125462120996647,7,7
"LIC","GeoConflict",2018,2015,2021,5,-0.413142420453746,0.0672423448622608,0.00165971186675246,-0.90985085183966,0.122680808000538,0.000701863091562412,0.496708431385914,7,7
"LIC","GeoConflict",2019,2016,2022,5,-0.404355075216071,0.0937913765518684,0.0125339764509951,-0.841172948525223,0.161852994382261,0.00652894075434245,0.436817873309152,6,6
"LIC","GeoConflict",2020,2017,2023,5,-0.274433515874186,0.0485020588854736,0.0109304848341527,-0.661613819519989,0.154657799357632,0.0234593813271186,0.387180303645803,5,5
"LIC","GeoConflict",2021,2018,2024,NA,NA,NA,NA,NA,NA,NA,NA,NA,NA
"LIC","Terror",2006,2003,2009,NA,NA,NA,NA,NA,NA,NA,NA,NA,NA
"LIC","Terror",2007,2004,2010,1,-0.0619502937461168,0.0995503011175534,0.577836636485159,-0.0989393758327816,0.130167135599482,0.502474547169975,0.0369890820866648,5,5
"LIC","Terror",2008,2005,2011,3,0.193467088857177,0.372043717425915,0.630508443086335,0.00185713230159117,0.118458772800235,0.988242509377594,0.191609956555586,6,6
"LIC","Terror",2009,2006,2012,3,0.545420975559986,0.392763671058633,0.223613573289159,0.130731700877057,0.134128261202387,0.374484726081448,0.414689274682929,7,7
"LIC","Terror",2010,2007,2013,2,0.73325538255492,0.383019386688115,0.113741374771587,0.262976216372624,0.192058376135115,0.229221010673953,0.470279166182296,7,7
"LIC","Terror",2011,2008,2014,2,0.899816146621288,0.450999352684864,0.10257150947107,0.348111782591478,0.359468766491075,0.377318520442609,0.551704364029811,7,7
"LIC","Terror",2012,2009,2015,1,0.924247554000814,0.449555052924663,0.0949252415724081,0.676220729864327,0.488380276184023,0.22477360770733,0.248026824136487,7,7
"LIC","Terror",2013,2010,2016,1,0.863858338754935,0.577671604458461,0.19504895101521,0.721192295914379,0.703645922223657,0.352397646025862,0.142666042840556,7,7
"LIC","Terror",2014,2011,2017,3,0.0559844811820347,0.466601831146047,0.909168358229123,0.811511320738985,1.09825961031997,0.493168504660992,-0.755526839556951,7,7
"LIC","Terror",2015,2012,2018,4,-0.0457785212127448,0.140826853793472,0.758289644008566,0.79533941443321,0.938932579448222,0.435615707819043,-0.841117935645955,7,7
"LIC","Terror",2016,2013,2019,4,-0.150960890279927,0.0927912560548978,0.164689656137926,0.224971716926476,0.716948236735856,0.766349072501831,-0.375932607206403,7,7
"LIC","Terror",2017,2014,2020,5,-0.223378146264574,0.0814182054618461,0.0406183687821896,-0.014217856985567,0.470884660381136,0.9770805456173,-0.209160289279007,7,7
"LIC","Terror",2018,2015,2021,5,-0.284542680698649,0.0473517197534483,0.00386095525028359,-0.378834733277048,0.302643988875924,0.266029047227059,0.0942920525783992,6,7
"LIC","Terror",2019,2016,2022,4,-0.281400676860462,0.0534834450156945,0.013377460848052,-0.0843941280020373,0.0915790374781923,0.408917961722659,-0.197006548858425,5,6
"LIC","Terror",2020,2017,2023,NA,NA,NA,NA,NA,NA,NA,NA,NA,NA
"LIC","Terror",2021,2018,2024,NA,NA,NA,NA,NA,NA,NA,NA,NA,NA
"LIC","Tech",2006,2003,2009,NA,NA,NA,NA,NA,NA,NA,NA,NA,NA
"LIC","Tech",2007,2004,2010,4,0.065230548935719,0.163338596268788,0.71636068565746,-0.0845206326931461,0.103766631907179,0.474991890936128,0.149751181628865,5,5
"LIC","Tech",2008,2005,2011,4,0.074599640649786,0.200451629032234,0.72865311430373,-0.080930172425414,0.105035317518732,0.483985269737791,0.1555298130752,6,6
"LIC","Tech",2009,2006,2012,4,0.0286280860319545,0.275192143721206,0.921189957949388,-0.100731004984635,0.129941030804968,0.473267997837354,0.12935909101659,7,7
"LIC","Tech",2010,2007,2013,4,0.324043890640772,0.380105169118621,0.432858463522256,0.0189973400343105,0.227028744284484,0.936559264501612,0.305046550606462,7,7
"LIC","Tech",2011,2008,2014,4,-0.100255085683869,0.485520517792618,0.844553431850363,-0.225089386449566,0.353282720858122,0.552061644916747,0.124834300765696,7,7
"LIC","Tech",2012,2009,2015,4,-0.584433790564374,0.324223936415763,0.131323707987911,-0.70625002991547,0.303346975384977,0.0673627195998067,0.121816239351097,7,7
"LIC","Tech",2013,2010,2016,4,-0.603107399817313,0.771634584869391,0.469824913491308,-1.77609848201414,0.92163254562985,0.111902275851649,1.17299108219682,7,7
"LIC","Tech",2014,2011,2017,4,-0.660490844383267,0.293498028057614,0.0742387645215913,-2.25757740515715,0.561546760156396,0.0101179456749257,1.59708656077388,7,7
"LIC","Tech",2015,2012,2018,3,0.0786835355454995,0.33403239724228,0.82312082437655,-2.30004343419917,0.619576044277422,0.0138221143241988,2.37872696974466,7,7
"LIC","Tech",2016,2013,2019,3,0.0185246587637968,0.369480112522907,0.961954373525629,-1.733047465303,0.357824624741953,0.00470138888171261,1.75157212406679,7,7
"LIC","Tech",2017,2014,2020,2,-0.00763395740744045,0.932748084860776,0.993786398435398,-0.861911441633986,0.712557685797668,0.280497456610827,0.854277484226545,7,7
"LIC","Tech",2018,2015,2021,1,6.01532673270041,2.46513526189107,0.0586420911535458,2.22825097354917,3.76537758141562,0.579744057701192,3.78707575915125,7,7
"LIC","Tech",2019,2016,2022,1,5.91881296413334,2.88725061752822,0.109692489802802,3.6873555355893,3.70069657538349,0.375451477541336,2.23145742854404,6,6
"LIC","Tech",2020,2017,2023,2,6.44665836739672,1.65375340846189,0.0299569557079587,-1.49571763391336,2.85859119909731,0.636998765497172,7.94237600131008,5,5
"LIC","Tech",2021,2018,2024,NA,NA,NA,NA,NA,NA,NA,NA,NA,NA
