"Region","Year","horizon","n_future","n_past","predictive_capacity","predictive_capacity_se","predictive_capacity_p","past_at_horizon","past_at_horizon_se","past_at_horizon_p"
"Global",2006,1,6,6,-7.83585640676313,4.20082106740232,0.135563841068302,-8.90737090879174,3.92509102127146,0.0857900482155346
"Global",2006,2,6,6,-7.63868048725705,3.78361502757495,0.113642131500757,-9.03624622485713,3.30024270910277,0.0520095506821187
"Global",2006,3,6,6,-7.25723314912426,3.42294065483374,0.101322099060943,-8.77284862491907,3.16436665310541,0.0502081252971155
"Global",2006,4,6,6,-7.36390820522552,3.4661418754819,0.100827005340255,-9.0151446039444,3.22575791270057,0.0490742309184666
"Global",2006,5,6,6,-7.19512153574215,3.37113432866092,0.0997209147182555,-8.88967059431048,3.24507775047179,0.0519358637605883
"Global",2007,1,8,8,-0.523008444561634,1.05803330719858,0.638654061476098,-0.498382843452339,1.15595195360007,0.681422612454706
"Global",2007,2,8,8,-0.590296255663214,0.956882619418318,0.559968653262918,-0.469772984788098,1.19303933197724,0.707369511290584
"Global",2007,3,8,8,-0.624684005042988,0.980678112378331,0.547649053883725,-0.6395256335272,1.15957105533956,0.601197946498076
"Global",2007,4,8,8,-0.656826341704292,0.96182690354525,0.520155389873378,-0.698019641963874,1.13852131759356,0.562318384602437
"Global",2007,5,8,8,-0.662256546757435,0.953899725526048,0.513487493430504,-0.745747980750156,1.16355593239977,0.545260091161393
"Global",2008,1,8,8,-0.119257576319164,1.15329708786861,0.921010620847132,0.083500286864808,1.37757180512974,0.953635107901618
"Global",2008,2,8,8,-0.121582355127202,1.2329045057747,0.924656367798833,-0.0236876296341173,1.41629372679034,0.987198221805846
"Global",2008,3,8,8,-0.248593758312258,1.22214378932456,0.84553930489333,0.0308135420010716,1.47046699111074,0.98396108776178
"Global",2008,4,8,8,-0.268956331798123,1.22174579568058,0.833060425199704,-0.232329941413952,1.46401348114571,0.879116812423552
"Global",2008,5,8,8,-0.30387381519749,1.18948126876386,0.806894076323065,-0.313500387340277,1.45377577243143,0.836407841658953
"Global",2009,1,7,7,-0.120245788957466,1.15741512116692,0.92129388389937,-0.0363685318346402,1.08304009253483,0.97451133084017
"Global",2009,2,7,7,-0.282942026496164,1.1414984509626,0.81409335440341,-0.101020610475356,1.19468273302077,0.935893683662197
"Global",2009,3,7,7,-0.317700254401568,1.15061564921597,0.793510026431413,-0.214659075311236,1.24635321732646,0.870011146009873
"Global",2009,4,7,7,-0.415947379627772,1.11467013661796,0.724328595200561,-0.250825094414656,1.30765226422914,0.855434990345674
"Global",2009,5,7,7,-0.502446244680595,1.09865506333279,0.666619428402402,-0.370368826321308,1.31158325160833,0.78896590930438
"Global",2010,1,7,7,0.00726609782892309,1.10383011716118,0.995002427640735,0.272908292751815,1.01162081003049,0.798114508276506
"Global",2010,2,7,7,-0.0136534970352266,1.08981780765851,0.990488692543514,0.277435718366555,1.02036096569873,0.796569227126599
"Global",2010,3,7,7,-0.13536920258872,1.04341091049648,0.901832032438153,0.292634659107747,1.07542747212034,0.796416300085175
"Global",2010,4,7,7,-0.231297085678365,1.02580556125672,0.830533372161362,0.247269533384112,1.10921874348793,0.832416729893665
"Global",2010,5,7,7,-0.223495652245635,1.05012593658554,0.83986657380594,0.266799986187264,1.15124900905997,0.825919466705478
"Global",2011,1,8,8,3.70589989423308,3.48543944204365,0.328576202525552,3.56559538063726,3.7501516138679,0.378423450048754
"Global",2011,2,8,8,4.19901681922994,3.21134368710125,0.238888859233898,3.13236218575741,3.50179352322484,0.405503730564349
"Global",2011,3,8,8,4.23820503241239,3.13490685589893,0.225130423299604,3.05780838616332,3.55252848509893,0.422437708574286
"Global",2011,4,8,8,4.38943044564356,3.20037252863494,0.219285436047312,3.25226109251969,3.68206444180359,0.411079548446146
"Global",2011,5,8,8,4.34842480045865,3.18691071244371,0.221379050035975,3.30978475367795,3.78852297451174,0.415909433752978
"Global",2012,1,8,8,-1.81312648941158,2.59913376984909,0.511546953929686,-2.62492647833542,2.63628623762763,0.357844869213491
"Global",2012,2,8,8,-1.88556865244776,2.56174829261735,0.489466107474598,-2.59090422881609,2.76546722892725,0.384982132337913
"Global",2012,3,8,8,-1.79528440634931,2.67554972543146,0.527194658865695,-2.44759079576563,2.61389894546052,0.385220535424494
"Global",2012,4,8,8,-1.84713751466495,2.65054586680165,0.511954478554427,-2.47606992985422,2.6335811118966,0.383411700583006
"Global",2012,5,8,8,-1.76557567725932,2.65992710409666,0.531500911988538,-2.3286206957748,2.75126498740644,0.429797535349666
"Global",2013,1,8,8,1.0429693717052,2.87854957180296,0.729529398867086,1.11385621089325,2.99558870996323,0.722796013319149
"Global",2013,2,8,8,1.15046288529914,3.05127292725534,0.719116658590951,0.580111643626507,3.04751762721764,0.855307781557346
"Global",2013,3,8,8,1.01883987633482,3.0390498579946,0.748847878569775,0.554206670351376,3.17134981647788,0.86702060186667
"Global",2013,4,8,8,1.03122366994791,3.04512289769419,0.746411890197224,0.436675346172606,3.04462379614452,0.890650169272845
"Global",2013,5,8,8,0.908338507318194,3.03916401445998,0.775114802548578,0.362040465671266,3.07989870117849,0.910260939460516
"Global",2014,1,8,8,4.92408070685535,1.47334727979034,0.0155710184512965,4.69483808480915,1.02430522237007,0.00375690130944788
"Global",2014,2,8,8,4.81628780801277,1.4008859483812,0.0138343008675578,4.95890354659615,0.958147058918355,0.00206332070077723
"Global",2014,3,8,8,4.8201664471064,1.36508178920063,0.0123520642321661,4.99972349368849,0.936023218239153,0.00175885202339861
"Global",2014,4,8,8,4.76357987484672,1.34646212641972,0.0122507424317754,5.22273440258802,0.909714096910225,0.00121417946654347
"Global",2014,5,8,8,4.93573539552968,1.37611530686391,0.011549392056565,5.07161767498357,0.842756487821863,0.000949577350838216
"Global",2015,1,8,8,4.92820216216313,1.98988492834533,0.0480243638830355,5.12233248169779,1.96186528100392,0.0400693347200344
"Global",2015,2,8,8,5.01229151995471,1.89530319313816,0.0383048333906629,4.74103948133966,1.81382248140796,0.0399144581181736
"Global",2015,3,8,8,5.05064374844939,1.80366597969484,0.0311553202003425,4.60217376410743,1.90039412104169,0.0517436914273827
"Global",2015,4,8,8,5.297583066552,1.84453707153153,0.0283513423043067,4.39105431842048,1.94667427267142,0.0649332975236107
"Global",2015,5,8,8,5.28325714377087,1.86530468001817,0.0298641386318693,4.33585500711572,2.04017395419858,0.077718950963715
"Global",2016,1,8,8,4.77194006419223,1.50701068714592,0.0194047181204294,5.07302888389116,1.62060625883545,0.0203161411042747
"Global",2016,2,8,8,4.86665237451709,1.4262935162849,0.0142817589211547,4.96697049357803,1.59716641562046,0.0208524585283491
"Global",2016,3,8,8,5.13417500376618,1.52888597519871,0.0152651980931647,4.8784827784265,1.4256100668212,0.0141084893592307
"Global",2016,4,8,8,4.92854840741681,1.6788941910446,0.02609667933257,4.86440720441417,1.46371723693773,0.0159383519026029
"Global",2016,5,8,8,4.95136613442232,1.8569351989814,0.0372039324849103,4.78500179705518,1.47195281931865,0.0174491625459362
"Global",2017,1,8,8,4.26255322367847,1.20151567408406,0.0121064347391722,4.3220071139711,1.13776700335261,0.00898171067942075
"Global",2017,2,8,8,4.49217183074443,1.35345831348751,0.0160236336281716,4.55848036048915,1.19099101359088,0.00868474394358785
"Global",2017,3,8,8,4.2508635533571,1.51624458720503,0.0310186375192478,4.5901945033318,1.11912386620017,0.00634597099433455
"Global",2017,4,8,8,4.14028569934511,1.74535919886181,0.0553566046075819,4.47239125809822,1.02187546017628,0.00468516057972469
"Global",2017,5,8,8,4.08374227473253,1.88282936316894,0.0731689368733062,4.42872038732831,1.07412546645744,0.0061947261468028
"Global",2018,1,8,8,4.02432890864293,0.830357460263568,0.00286180587830659,3.59900801777646,0.766457952268195,0.00334124409580035
"Global",2018,2,8,8,3.75516272258174,1.04622944637051,0.0115144767800547,3.62466015694517,0.692440123550072,0.00194847891277408
"Global",2018,3,8,8,3.8098627476736,1.22204153377084,0.0206473606762737,3.75721903840022,0.734413360806834,0.00218690660201981
"Global",2018,4,8,8,3.84875666466189,1.31561279370579,0.0264431725201933,3.76922155190762,0.697158514790289,0.00165363192190753
"Global",2018,5,8,8,4.04201987119631,1.28843077331462,0.0201403195670272,3.75218683745457,0.566115170115874,0.000568641091344258
"Global",2019,1,8,8,4.28607507049682,1.19348676044612,0.0114870080261178,4.31032773555771,0.786939935942614,0.00154727379188225
"Global",2019,2,8,8,4.53878185620916,1.26865061435836,0.0116761521565356,4.1397612128086,0.80130477920994,0.00208195755223481
"Global",2019,3,8,8,4.65757266692861,1.29475970287097,0.0114041219450221,4.02975399973076,0.766041567463181,0.00190051009158029
"Global",2019,4,8,8,4.87209134609571,1.19092598003982,0.00642195958821326,4.07364092530619,0.80529929333214,0.00231400981733423
"Global",2019,5,8,8,4.48900056531298,1.02026563849721,0.00456918599856832,3.99847921801501,0.815773000119328,0.00270689685090886
"Global",2020,1,8,8,3.6732038502988,1.53557633407644,0.0538740990466225,3.56411031774397,1.28078226378254,0.0318806137411415
"Global",2020,2,8,8,3.89653826779864,1.49388683064172,0.040210790289881,3.4422485986587,1.09039685679011,0.0196426395465879
"Global",2020,3,8,8,4.19794019638969,1.33498364044684,0.0199519405081005,3.38042752218246,1.04441176631521,0.0177607658831813
"Global",2020,4,8,8,3.8103531444755,1.12138867859565,0.0145336792531575,3.31163744569723,0.993219714593439,0.0157236134839829
"Global",2020,5,8,8,3.8103531444755,1.12138867859565,0.0145336792531575,3.34880569479236,1.0044875765724,0.0157314183305117
"Global",2021,1,8,8,4.67389577530969,2.45813360279339,0.105963906489659,4.64071462640112,2.17045273925516,0.0763470462644912
"Global",2021,2,8,8,4.07202193365055,2.5596930220146,0.1627532591094,4.14610619904117,2.17839101499111,0.105686867220292
"Global",2021,3,8,8,3.5983989831145,2.13675736432835,0.143157052839147,3.53772053027554,2.09489049842221,0.142233478251039
"Global",2021,4,8,8,3.5983989831145,2.13675736432835,0.143157052839147,3.26604910367147,2.05458363848951,0.163017911274603
"Global",2021,5,8,8,3.5983989831145,2.13675736432835,0.143157052839147,3.09615491330985,1.99138328029082,0.170996842170163
"HIC",2006,1,6,6,-4.44812699544317,3.28658803723984,0.24735021431158,-6.41449767308534,3.19295847833398,0.114936369385513
"HIC",2006,2,6,6,-4.62142031849294,2.53826876301442,0.142761326699343,-6.82012533951953,2.83346347594812,0.0737948215168594
"HIC",2006,3,6,6,-4.69983607353495,1.78820480188554,0.0582934275167673,-6.71130868984052,2.63094370911516,0.0632441485171711
"HIC",2006,4,6,6,-4.94109029827028,1.8413830730803,0.0550362305881527,-6.99697680046808,2.75325798162119,0.0638896158905533
"HIC",2006,5,6,6,-4.81132278317482,1.7082874489576,0.0480005192307653,-6.69366356737746,2.76838291090211,0.0729287830464309
"HIC",2007,1,8,8,0.247473559295816,0.634864831929923,0.710141742988206,0.429130368195375,0.745915920227095,0.585995806582404
"HIC",2007,2,8,8,0.15217915352412,0.51982180897639,0.779571750595487,0.456745551079526,0.801124649608885,0.58928454872968
"HIC",2007,3,8,8,0.0919740645448964,0.56554856498273,0.876150225768253,0.348079297511138,0.798812012311061,0.678260805806717
"HIC",2007,4,8,8,0.00375772345790354,0.54894741161873,0.994760187288227,0.208658539424969,0.784714555382962,0.799214306300022
"HIC",2007,5,8,8,0.0415414781226266,0.570315054994389,0.944301304662535,0.229422789301221,0.813294941917261,0.787351710048196
"HIC",2008,1,8,8,0.615625291906275,0.717003488993567,0.423524970590311,0.414759183961075,0.803056744219721,0.623998390488381
"HIC",2008,2,8,8,0.52860182099963,0.747472162682543,0.505975622486753,0.671369031590757,0.800540625029588,0.433802082231678
"HIC",2008,3,8,8,0.342165879289515,0.721323281269491,0.652015218722953,0.788761312101921,0.87919459185292,0.404202134728452
"HIC",2008,4,8,8,0.416651706098538,0.743734017929165,0.59561378393179,0.72554390477619,0.901609477715016,0.451680966405899
"HIC",2008,5,8,8,0.394839964233335,0.741562065956054,0.613550203375119,0.505064856381763,0.915476003912706,0.601083803891927
"HIC",2009,1,7,7,0.410412515173253,0.732736530749597,0.599570034954267,0.597664333408173,0.705895076826406,0.435814665554779
"HIC",2009,2,7,7,0.265894184951542,0.68760955564661,0.71489282655081,0.12687685984508,0.661460635505751,0.855435087628504
"HIC",2009,3,7,7,0.251808774315074,0.732210263081045,0.744910178821504,0.0249735151805975,0.720436247362437,0.973688620421388
"HIC",2009,4,7,7,0.0779153800758963,0.741696716693822,0.920420055234527,-0.0533588196790513,0.815564598658135,0.950370474453633
"HIC",2009,5,7,7,-0.141710842931576,0.736778205773631,0.855044920100773,-0.124040886171611,0.847444490427386,0.889347272903995
"HIC",2010,1,7,7,0.306284421957097,0.661020965094325,0.662582718444042,0.641100841734231,0.599236914145162,0.333586024101846
"HIC",2010,2,7,7,0.367454759913459,0.683187838579757,0.613745909002652,0.655975124579875,0.613170040123531,0.333607533039991
"HIC",2010,3,7,7,0.212571683533602,0.695689412896204,0.772255026453422,0.41874127027973,0.604070080197244,0.519059197638579
"HIC",2010,4,7,7,-0.00463677118765346,0.696588454612778,0.994946417061894,0.36935439512579,0.639305685515069,0.58847878758256
"HIC",2010,5,7,7,-0.0621247420199037,0.71085303910778,0.933749993904369,0.344211720927261,0.707642555930466,0.647239285811237
"HIC",2011,1,8,8,0.710740778698879,2.29925850339489,0.767685046683647,0.693421045546379,2.34909101134192,0.777799253700641
"HIC",2011,2,8,8,1.28115010322565,2.31004759818907,0.599216976253874,0.00887573199530164,2.1576903401941,0.996851242022456
"HIC",2011,3,8,8,1.50920353855442,2.33697575927954,0.542307341480471,-0.115611628108401,2.25545947857813,0.960783364443783
"HIC",2011,4,8,8,1.39782108267648,2.46537743873167,0.591291129567756,0.37604495590631,2.14639501557426,0.86668658442479
"HIC",2011,5,8,8,1.69100929201599,2.42476168135902,0.511661621846355,0.604100569940014,2.2205470194848,0.794702604554405
"HIC",2012,1,8,8,-0.22461333473662,2.01803885276483,0.915006215511445,-0.720210085602006,1.71061946681437,0.688402985573758
"HIC",2012,2,8,8,-0.423560630027478,2.01130475118884,0.840176950174532,-0.788935379013018,1.81454555440859,0.678921400097313
"HIC",2012,3,8,8,-0.235988273597943,2.09770101215164,0.914097567104876,-0.625173722675258,1.69325399477703,0.724647284342332
"HIC",2012,4,8,8,-0.787041281525781,2.02148040485737,0.710468626527513,-0.536589253805711,1.74076254537077,0.768313710692308
"HIC",2012,5,8,8,-0.7825128895467,2.05605375677118,0.716617740915259,-0.570341065575715,1.65887070080165,0.742715328400736
"HIC",2013,1,8,8,0.792171177557053,2.27890437901318,0.740002239511383,1.13265904333441,2.21716798698471,0.627696848236795
"HIC",2013,2,8,8,0.96887268819059,2.34961967388545,0.6944089157169,0.458849183854262,1.98000047464854,0.824439794831937
"HIC",2013,3,8,8,0.488300599858826,2.29021052846465,0.838221507655004,0.405546190646987,2.06038324985211,0.850458256909734
"HIC",2013,4,8,8,0.577713111536093,2.31448124297482,0.811216349072089,0.266826562527645,1.92272282395614,0.894168316905318
"HIC",2013,5,8,8,0.772539623158795,2.33710441668274,0.7522189584568,0.297590530461529,1.95282282368977,0.883874754379049
"HIC",2014,1,7,8,1.93997784690668,1.68548235840579,0.301786271626053,2.57809435057992,1.35914381342499,0.106634273213209
"HIC",2014,2,7,8,2.05348913779704,1.50718924074877,0.231211853787637,2.7383399615459,1.26784557943785,0.0740935156531819
"HIC",2014,3,7,8,2.20871168303932,1.48185111089509,0.196281360734019,2.53697286290894,1.10654938825788,0.061716080983888
"HIC",2014,4,7,8,2.29274493248511,1.4927054456718,0.185144461550357,2.68003302840571,1.08583439292625,0.048577552414434
"HIC",2014,5,7,8,2.37345268630636,1.4861698601014,0.171149555854935,2.38889229806399,1.06124346656114,0.0653485089790107
"HIC",2015,1,7,7,2.88078319617396,1.57194039370748,0.126339720368494,2.83051774015225,1.83446272982682,0.183484446111379
"HIC",2015,2,7,8,3.35801719256125,1.43455289937844,0.0663132632510438,3.22784430574692,1.56674581270933,0.0850303102243851
"HIC",2015,3,7,8,3.67512762808001,1.35434644907015,0.0420959776837358,3.18637421808932,1.54915751965504,0.0854289045860976
"HIC",2015,4,7,8,3.90843190736684,1.26783868975096,0.0273838837304883,2.9719413689819,1.36430167852672,0.0722243695573163
"HIC",2015,5,7,8,3.83530794128555,1.18569668126217,0.0230862501748342,3.01307686744563,1.3478309000217,0.0667588712468013
"HIC",2016,1,7,7,3.3846132578533,1.2771967670946,0.0454246520753478,2.73053725522683,1.40634325350886,0.109847371653038
"HIC",2016,2,7,7,3.5653375973,1.19742444920327,0.0308885997690256,2.76767313635435,1.44366270518312,0.113346631561855
"HIC",2016,3,7,8,3.66129890427823,1.17741184391306,0.0265623333171685,3.07263927406708,1.34015381987037,0.0617107599944765
"HIC",2016,4,7,8,3.35813343792906,1.23054740018196,0.0413306665262259,3.11284456497357,1.32014586985383,0.0564415373225933
"HIC",2016,5,7,8,3.25265872001351,1.32686490219375,0.0578377034151691,2.9810654678003,1.17315950459922,0.0440181027145018
"HIC",2017,1,7,7,3.19140697603103,1.2180818370951,0.0470962434616332,3.23517858057374,0.959311243542593,0.0198378004406911
"HIC",2017,2,7,7,3.13471328831478,1.26822570646107,0.0564102461897585,2.87506494906031,1.06288102712153,0.0425306364332657
"HIC",2017,3,7,7,2.86257130755348,1.26261857277944,0.0726958925207386,2.87207356222035,1.08582391918483,0.0456968979967492
"HIC",2017,4,7,8,2.73491518964177,1.3606123598194,0.100638351612417,3.05989433364868,0.973115691438968,0.0199553066031205
"HIC",2017,5,7,8,2.65320339452047,1.44415376282268,0.125598613750987,3.04668724301449,0.986968370216202,0.0214723370203109
"HIC",2018,1,7,7,2.2076792308129,1.11596993179468,0.104810938908045,2.28000808145814,1.03301393270306,0.0783859378430319
"HIC",2018,2,7,7,1.87084812039464,1.10622111127616,0.151585558116248,2.41530900054885,0.81320168652685,0.0311526721741408
"HIC",2018,3,7,7,1.82468860063552,1.16247242525702,0.177288404401996,2.19614319374478,0.886870202910895,0.0560960419395802
"HIC",2018,4,7,7,1.78986955966267,1.2205150448021,0.20242507878338,2.17077948320192,0.898826313809012,0.0604800289909261
"HIC",2018,5,7,8,1.76355187734186,1.2131057121918,0.205757340260766,2.35433183313281,0.811465468433258,0.0272869777580734
"HIC",2019,1,7,7,1.38908667320578,1.30326533825357,0.335230245603149,1.93678517774953,1.28955915321384,0.193431787626559
"HIC",2019,2,7,7,1.50349794295484,1.35321027091713,0.317093665599417,1.96508276190319,1.24583578431669,0.175548752972905
"HIC",2019,3,7,7,1.55006681304172,1.40829592224218,0.321186045198117,2.01299202223813,1.1054915018655,0.128260176577426
"HIC",2019,4,7,7,1.52590800568194,1.38594990146159,0.321061276801898,1.8695315646747,1.12146127701659,0.156380627997462
"HIC",2019,5,7,7,1.09829790590045,1.34403282432735,0.451000029773731,1.81845542497404,1.12852733291762,0.168019669278996
"HIC",2020,1,6,7,0.642122837696572,1.15885961395207,0.609027957559279,1.09017869721381,1.20654014610184,0.407652492242402
"HIC",2020,2,6,7,0.749458039059594,1.23923311500081,0.577958357720264,1.2480155646716,1.1778282840139,0.337810370293138
"HIC",2020,3,6,7,0.70976036272105,1.19717646301026,0.585167675702412,1.35549394764662,1.15799902887386,0.294529091694885
"HIC",2020,4,6,7,0.259487157660217,1.13112300055055,0.829805720488963,1.4300080941548,1.0589903993462,0.234804103052747
"HIC",2020,5,6,7,0.259487157660217,1.13112300055055,0.829805720488963,1.37331273440546,1.05126603917465,0.248298008117801
"HIC",2021,1,5,6,1.49809620857098,2.17556108225248,0.540546283782346,0.730850772132218,1.61409609911823,0.67417056719569
"HIC",2021,2,5,7,1.47047550460705,2.00624028058781,0.516665963663644,1.03339294529325,1.76696855202803,0.58405083118048
"HIC",2021,3,5,7,0.858237207671577,1.80412759627548,0.666776512812536,0.727186271744984,1.75998929608646,0.696599464305249
"HIC",2021,4,5,7,0.858237207671577,1.80412759627548,0.666776512812536,0.680359269357076,1.75729487544475,0.714566722181361
"HIC",2021,5,5,7,0.858237207671577,1.80412759627548,0.666776512812536,0.603027568804966,1.66054750526166,0.731340586986844
"UMC",2006,1,6,6,-6.84880806466907,3.221245389253,0.100644391945325,-7.31462258566849,3.30584597736726,0.0913579823156659
"UMC",2006,2,6,6,-6.57724382412077,3.16344170841935,0.106125958506091,-8.15158556883904,3.0987896043918,0.0581514246116106
"UMC",2006,3,6,6,-6.02084521363678,2.99841030263078,0.115059514976111,-7.47256678548361,3.07103841448271,0.0717297946667696
"UMC",2006,4,6,6,-6.14155806027583,3.10160250869963,0.118784720473076,-8.02286266565486,3.10574089219895,0.0611183143547594
"UMC",2006,5,6,6,-6.1916792042457,3.001430942167,0.108095360981794,-8.24696156731748,3.2304711494624,0.063113296349495
"UMC",2007,1,8,8,-0.329838571836685,0.923603314113154,0.733225618499629,-0.367315275094132,0.922588259250156,0.704310300614968
"UMC",2007,2,8,8,-0.408685104606085,0.831376022839675,0.640482414075317,-0.272469419244323,0.986363268622522,0.79163494228582
"UMC",2007,3,8,8,-0.466984153804205,0.859910072110728,0.606657030517808,-0.40886821305856,1.02435806286418,0.703604674648582
"UMC",2007,4,8,8,-0.506080153508072,0.845472006236283,0.571344947120646,-0.49176722688068,0.999410407607667,0.64016204889108
"UMC",2007,5,8,8,-0.537660515866293,0.863319175639327,0.55634172639233,-0.524809300330924,1.03195388530204,0.629214405272029
"UMC",2008,1,8,8,0.035127020567042,1.00146285617699,0.97315717392006,0.27473060811776,1.18631538292486,0.824557653730494
"UMC",2008,2,8,8,-0.0522690450892995,1.08425393055096,0.963115575033436,0.056241468754206,1.16388860065675,0.963027930438698
"UMC",2008,3,8,8,-0.156067963742165,1.07453072921089,0.889275449740826,0.214821568401805,1.2210373974982,0.866133772294201
"UMC",2008,4,8,8,-0.201071280625816,1.11160043841333,0.862413611913131,0.0522082964000284,1.27915890026567,0.968767983230255
"UMC",2008,5,8,8,-0.226531508471215,1.10484236454532,0.844323579617303,-0.0752520544060104,1.26566056787662,0.954519171560968
"UMC",2009,1,7,7,-0.358666459073312,1.04201433859011,0.74469598381789,-0.106650056308215,0.955950891187931,0.915509060129929
"UMC",2009,2,7,7,-0.411760654164856,1.02447000080889,0.704343635338401,-0.0993690607651748,1.05384648817472,0.928539444477246
"UMC",2009,3,7,7,-0.445254811882946,1.07528589465101,0.69597911996566,-0.198549680576986,1.05269005674265,0.857813659935587
"UMC",2009,4,7,7,-0.4535369078476,1.06696044454355,0.688455806638024,-0.171135237051285,1.11495588296574,0.884013886992101
"UMC",2009,5,7,7,-0.504049544234852,1.07204310956157,0.658022753061674,-0.236413783097911,1.16091714684319,0.84666048640287
"UMC",2010,1,7,7,-0.147509546535541,1.01601866371914,0.890236780645127,-0.0151790719381242,0.927140804520359,0.987570888150433
"UMC",2010,2,7,7,-0.151903581104888,1.05313738416621,0.890945148718621,0.0699383402324818,0.917510820236524,0.942195226661169
"UMC",2010,3,7,7,-0.181825510857176,1.02589703894627,0.866279380595891,0.152975851547943,0.960598413474677,0.879704370153187
"UMC",2010,4,7,7,-0.253475140723706,1.02827216650133,0.815091183711868,0.11734138036379,0.956023464390172,0.907094648730581
"UMC",2010,5,7,7,-0.143387205838101,1.02781558582942,0.894494964440278,0.190678238024895,0.992540467494805,0.855213674330992
"UMC",2011,1,8,8,3.69555908173487,3.40182290353794,0.319030677681465,3.50203315553792,3.32652834272985,0.332989832008411
"UMC",2011,2,8,8,4.26563888175214,3.16679584659353,0.226629077859034,3.32604360539483,3.02369965754132,0.313499612138607
"UMC",2011,3,8,8,4.64165404933314,3.1177827210586,0.187121540488006,3.28380876101939,3.02101779052209,0.31876909722098
"UMC",2011,4,8,8,4.56365176517629,3.11259818174448,0.192956192852469,3.24616131100468,3.14386443807733,0.341631702921319
"UMC",2011,5,8,8,4.48219846646413,3.04342878144263,0.191244186009177,3.17580369954371,3.15305928905383,0.352710038637319
"UMC",2012,1,8,8,-1.60232316339951,2.72063058527045,0.577377471687958,-2.41951925242344,2.60624377193391,0.389044051117811
"UMC",2012,2,8,8,-1.30846237596848,2.74812043031473,0.650823801084466,-2.41658349199465,2.62136286521458,0.392151749993311
"UMC",2012,3,8,8,-0.861930291262235,2.73362089701578,0.763206831865652,-2.14154231761335,2.43239611802094,0.412501642489318
"UMC",2012,4,8,8,-0.629996848266791,2.6629669592072,0.820854690520812,-2.04588591561945,2.4233609989649,0.43090598478345
"UMC",2012,5,8,8,-0.550199227447259,2.66103520328291,0.84303439033364,-1.87328421165758,2.50094856941599,0.482160920213141
"UMC",2013,1,8,8,2.33239679444678,2.84991677485982,0.444404110727464,1.37238787532142,3.08674984452049,0.672192817722499
"UMC",2013,2,8,8,2.60973934249328,2.73847795253548,0.377393161524827,0.800000351898037,3.01707077591531,0.799762302878405
"UMC",2013,3,8,8,2.72123583620538,2.60887562814206,0.337108994022531,0.692039731315632,3.05079372170163,0.828079790414801
"UMC",2013,4,8,8,2.71986304838057,2.61453217633459,0.338299037164274,0.676137073920399,2.85916031721493,0.82092586262519
"UMC",2013,5,8,8,2.47642029773289,2.51757282249432,0.363272413995773,0.66964648065949,2.84544595999116,0.82177168264479
"UMC",2014,1,7,8,4.8595272323007,0.860011674653377,0.00241072541006299,5.01689210618242,0.917073644654072,0.00155712172329272
"UMC",2014,2,7,8,4.62757336508949,0.837227685296162,0.00265677173565641,5.19693384375345,0.996784078271937,0.00198827198172997
"UMC",2014,3,7,8,4.67677947045152,0.835112038198862,0.00250784845346237,5.01880109177218,1.01833158310064,0.00263430392677179
"UMC",2014,4,7,8,4.45058400794026,0.769873059589746,0.0021790632165561,5.10913508844479,0.932374006819234,0.00154383791524874
"UMC",2014,5,7,8,4.5331805169964,0.774014394285841,0.00205647003423327,4.91016740500931,0.763975613229412,0.000670384782657939
"UMC",2015,1,7,7,3.72674645163218,1.96840957168847,0.116867224906864,4.63343579857173,1.80488682490178,0.0502080088994769
"UMC",2015,2,7,8,4.17571403888282,1.82880118811313,0.0712428853775208,4.68266725870565,1.64918333510373,0.0295908087504856
"UMC",2015,3,7,8,4.15777995682235,1.5896412410981,0.0473516017102831,4.79504755632959,1.79369125914328,0.0368647141731651
"UMC",2015,4,7,8,4.37214580375653,1.58029552268725,0.0395212394920817,4.62160925965902,1.81386513426199,0.0436118603819056
"UMC",2015,5,7,8,4.41980622122999,1.62662206441352,0.0419162077712034,4.49467460910198,1.8477887362853,0.0509915071033459
"UMC",2016,1,7,7,4.2229889246721,1.3767134461255,0.0278648101108961,3.94083529584508,1.57496730346273,0.0543456995821322
"UMC",2016,2,7,7,4.14709371687687,1.10276970300491,0.0131491825766251,4.31712105621691,1.43464274072969,0.0297830783969017
"UMC",2016,3,7,8,4.30924549663724,1.19399704539489,0.0153951227362376,4.57493216285077,1.27990082935831,0.0117212717030939
"UMC",2016,4,7,8,4.22396056636756,1.373418625302,0.0276102501300255,4.75571686549572,1.40246332021531,0.0146580219490578
"UMC",2016,5,7,8,4.38615457954663,1.5386457661823,0.0357960576986969,4.67544587953803,1.42338239298986,0.0167231953216099
"UMC",2017,1,7,7,3.53956256415355,1.11783230135772,0.0249139408449789,3.76975631814473,1.16374738702557,0.0229664694519543
"UMC",2017,2,7,7,3.54312660178824,1.33493777913629,0.0452003598317241,3.70173963476683,1.29127317875354,0.0351284508339395
"UMC",2017,3,7,7,3.28773858987118,1.56231098631216,0.0892527623302992,3.97893440323825,1.16503380145675,0.0189344029172548
"UMC",2017,4,7,8,3.42885568972161,1.73264805939146,0.104716124905054,4.11551735289354,0.956615982344628,0.00508076206626869
"UMC",2017,5,7,8,3.47988878098486,1.81158585036717,0.112797354490987,4.30390883862682,1.03231213319217,0.00588382071375832
"UMC",2018,1,7,7,2.95546781765059,0.849920167779679,0.0177090798168775,2.93014120868192,0.728004445512854,0.0100718995428425
"UMC",2018,2,7,7,2.81471925475378,1.1101731137243,0.0521861731811476,2.86338730354612,0.707603159878191,0.00985834758777369
"UMC",2018,3,7,7,3.08604154561147,1.24272689931725,0.0556168992714034,2.87312695718675,0.812129337932879,0.0166018979259658
"UMC",2018,4,7,7,3.19636734639777,1.29332438295704,0.056430753953384,3.05237181027943,0.753198056427661,0.00980074037588572
"UMC",2018,5,7,8,3.20423892385862,1.3179089147444,0.0592852259679584,3.21727931689458,0.607370492121303,0.0018349727463114
"UMC",2019,1,7,7,3.66057115358263,1.23878178417242,0.0317024086678853,3.32350622885027,0.68911457615523,0.00478637399404293
"UMC",2019,2,7,7,4.05615908959341,1.31904745108032,0.0276241182739846,3.35289173253311,0.737413632733817,0.00613027446870054
"UMC",2019,3,7,7,4.16554442249613,1.32571677393872,0.025605487407768,3.18184927406168,0.737240865568798,0.00760012427808506
"UMC",2019,4,7,7,4.10630256423955,1.33916691684118,0.0279007120005917,3.17392154333173,0.798560267838114,0.0105879966679795
"UMC",2019,5,7,7,3.60859650590299,1.31708419359891,0.0407999492094321,3.22254167690341,0.809251376809154,0.0105084541169802
"UMC",2020,1,6,7,3.41526812186055,1.40636388399714,0.0721024643454476,3.20420598344343,1.17073635509754,0.0409419870677019
"UMC",2020,2,6,7,3.52831848052338,1.30695421317607,0.0541139593493972,2.93415605371892,0.875072964705526,0.0202613457262333
"UMC",2020,3,6,7,3.42241147610937,1.29524324190118,0.0574425136472609,2.93583155349383,0.841629335127593,0.017502834357069
"UMC",2020,4,6,7,2.88313835564898,1.267206835403,0.085237616835154,2.78715607788436,0.81294930339798,0.0186667971831469
"UMC",2020,5,6,7,2.88313835564898,1.267206835403,0.085237616835154,2.7766948712866,0.831954852447014,0.0206076210685768
"UMC",2021,1,5,6,3.29133636918605,2.61550265057071,0.297273472873946,3.84996293530436,2.35873075757497,0.177969991499426
"UMC",2021,2,5,7,3.0964661315975,2.48971705273529,0.30193803441255,3.79249292455164,2.11483414055838,0.132902247386959
"UMC",2021,3,5,7,2.54836655988572,2.16902788866793,0.324804656931088,3.0088314917165,1.91480158684572,0.176902558182543
"UMC",2021,4,5,7,2.54836655988572,2.16902788866793,0.324804656931088,2.74276962603559,1.89275915111427,0.20699061462166
"UMC",2021,5,5,7,2.54836655988572,2.16902788866793,0.324804656931088,2.62550924900524,1.77730537964166,0.199652000356661
"LMC",2006,1,6,6,-8.08293012381976,3.26600571510148,0.0685875930258232,-8.42214941928677,2.82615945326978,0.0407361051871685
"LMC",2006,2,6,6,-7.73318372899565,2.99100677935979,0.060973914685467,-7.9648008026625,2.43973015648648,0.0309455630138003
"LMC",2006,3,6,6,-7.26552769729935,2.82986837114448,0.0621465600695613,-7.98963849671843,2.47705223643626,0.032113506122191
"LMC",2006,4,6,6,-7.23554157075163,2.77693208951164,0.0596961746248266,-7.73476474487112,2.68100094270545,0.0447860577871752
"LMC",2006,5,6,6,-6.80134939645031,2.8839523684884,0.0778034243527882,-7.56024253018885,2.82993623409048,0.0557175449401591
"LMC",2007,1,8,8,-0.0213665189947072,1.00790809906029,0.98377440850077,0.084017818144868,1.07007894654171,0.939971007834689
"LMC",2007,2,8,8,-0.137117595775569,0.956778420512496,0.890735866348375,0.00158982684643097,1.05875555990524,0.998850577805316
"LMC",2007,3,8,8,-0.107519655360705,0.956276481185947,0.914145274081906,-0.0958193744966745,0.98299402171423,0.925522226323045
"LMC",2007,4,8,8,-0.106692318748868,0.925215812345542,0.911957024887815,-0.029135511620367,0.980174746629227,0.977250587722925
"LMC",2007,5,8,8,-0.109106787449235,0.877061571766415,0.905061346333932,-0.0701146556675854,0.982063741481726,0.945403524154038
"LMC",2008,1,8,8,0.791066051101402,1.0795901777174,0.491335618909924,1.1191063677773,1.20298202973586,0.388125170876841
"LMC",2008,2,8,8,0.928543043004036,1.09361212366199,0.428417408553503,1.04207938709672,1.21333939399648,0.423400564341387
"LMC",2008,3,8,8,0.815175840924408,1.07170006596292,0.475692379250126,0.913515391948911,1.23901475438555,0.488762717057079
"LMC",2008,4,8,8,0.721942951067754,1.01941744273907,0.505394133530717,0.709141190696293,1.19242791581744,0.573768287443517
"LMC",2008,5,8,8,0.648133145362112,0.961143755392185,0.52521311158307,0.82259478599262,1.18141739580193,0.512311083917126
"LMC",2009,1,7,7,0.914153182491147,1.0173073833905,0.410048719606913,0.832513475584466,0.961280484366767,0.426060539180655
"LMC",2009,2,7,7,0.597701100239317,0.991873460856087,0.573060499877348,0.890950912218452,1.06948848719722,0.442771011002636
"LMC",2009,3,7,7,0.52068103409819,0.925649831197828,0.598056927291936,0.814782945640462,1.08611330505302,0.486923751981261
"LMC",2009,4,7,7,0.391304598217881,0.871843855838963,0.672341847287143,0.733163298624036,1.10623633499456,0.536812975242643
"LMC",2009,5,7,7,0.34979196823102,0.854615473040122,0.699264783082103,0.668642743843692,1.06124657084182,0.556326823294201
"LMC",2010,1,7,7,0.731134361716649,0.861913503264835,0.435006133080917,1.10762592382773,0.82721321733755,0.238222199623991
"LMC",2010,2,7,7,0.641998359386722,0.783835508025362,0.450020205005662,1.07322449828903,0.81235217153363,0.243684808190926
"LMC",2010,3,7,7,0.492910350473228,0.741174058996453,0.53546639526168,1.15361729729435,0.864123089438218,0.239426954179773
"LMC",2010,4,7,7,0.433089072619893,0.73693953048607,0.582280442447332,1.13798498598071,0.866970886693829,0.246336617921017
"LMC",2010,5,7,7,0.393176067706087,0.761104935861329,0.627473128332907,1.11515851914133,0.876421677396044,0.259190470881767
"LMC",2011,1,8,8,2.4875372211248,2.8084482429334,0.409852057652439,2.40695429663647,3.36465774330913,0.501260275722928
"LMC",2011,2,8,8,2.56391160386238,2.54522577508877,0.352653294468274,2.1606168434227,3.35443007399756,0.543327390395482
"LMC",2011,3,8,8,2.88395694878385,2.41740995008697,0.277902881002689,1.91269937234888,3.35598648147961,0.589407947018369
"LMC",2011,4,8,8,3.30757919776367,2.40349407203373,0.217928524182832,1.85846539305893,3.55069945790216,0.619450213275784
"LMC",2011,5,8,8,3.25750151560198,2.38707518001869,0.221326321509294,1.6695906179823,3.61153384306865,0.660159643225074
"LMC",2012,1,8,8,-0.153853129564962,1.9029963406653,0.93819230928435,-0.493766046882143,2.22759665122279,0.831931188904669
"LMC",2012,2,8,8,0.237353225465249,1.98269944540717,0.908618998495825,-0.272548222799922,2.36861148779426,0.912146521317078
"LMC",2012,3,8,8,0.148417729101684,2.11465129274617,0.946326866921815,-0.244349125071568,2.40391757773478,0.922349274343287
"LMC",2012,4,8,8,0.135418388998136,2.11288140517128,0.950979079028216,-0.331891202265891,2.43655639240399,0.896108071627403
"LMC",2012,5,8,8,0.263696087487754,2.0899556385611,0.903716772142516,-0.202012983542965,2.57697012778459,0.940065483027233
"LMC",2013,1,8,8,2.75834057651513,1.86222622265706,0.18905691793692,1.64940964003568,2.02573577401083,0.446617984097755
"LMC",2013,2,8,8,2.79086786138347,2.04078718196902,0.220464958623848,1.76818898175226,2.19525569372593,0.451286227797431
"LMC",2013,3,8,8,2.69279882246371,2.02062225994325,0.231017870682187,1.8179700335867,2.34019134042394,0.466761774103106
"LMC",2013,4,8,8,2.68069574157675,1.96920542911251,0.222318890950153,1.76818486479539,2.40106119687403,0.489256584363063
"LMC",2013,5,8,8,2.53715141702338,1.95138772487742,0.241248010744614,1.66838895171527,2.47839274462778,0.525901915596637
"LMC",2014,1,7,8,4.0175599107356,0.800215099490907,0.0040330496152769,3.36039610900004,0.871497149325916,0.00840230280385293
"LMC",2014,2,7,8,3.92096620668558,0.692527067133459,0.00238956452336525,3.33727709957345,0.952084659995069,0.0127450302489328
"LMC",2014,3,7,8,3.74015537617196,0.716467375030699,0.00340912109405586,3.77943165807598,0.68024572013734,0.00143811559235777
"LMC",2014,4,7,8,3.70203851417741,0.62197721331884,0.00191357840697174,3.89349300694136,0.79007883617556,0.00263556031044357
"LMC",2014,5,7,8,3.84099671815338,0.438396631945243,0.000321097280213438,3.92300933503835,0.825629005738733,0.00315371576286063
"LMC",2015,1,7,7,3.11283120198789,1.79195122842185,0.14287461723741,3.28416883931108,1.78621013177181,0.125369257212707
"LMC",2015,2,7,8,2.88203432677973,1.72032031594745,0.154728251763102,2.99028522488633,1.5946025712227,0.109875557007929
"LMC",2015,3,7,8,2.9692230108025,1.60385244986024,0.123341329893958,2.75697382457885,1.69890758137089,0.155760264799853
"LMC",2015,4,7,8,3.22890255281615,1.52450708812622,0.0877279034280887,2.55744377925258,1.69294841533862,0.181625742978012
"LMC",2015,5,7,8,3.11397397558238,1.57024853159351,0.10416330111786,2.41079115727931,1.81038669993384,0.231331246084387
"LMC",2016,1,7,7,2.94448215626265,1.3149542692644,0.0752875806586447,3.73867560225645,1.23634291874403,0.0292825587646235
"LMC",2016,2,7,7,3.14061092123318,1.13344911563956,0.0393259784882441,3.5570781647637,1.26321324058786,0.037288309340697
"LMC",2016,3,7,8,3.40385807829861,1.05358722353014,0.0231869368835064,3.42480691222673,1.19116731154639,0.0282355341502816
"LMC",2016,4,7,8,3.1824677010213,1.232590468898,0.0493163462711816,3.26108002029755,1.34457225625674,0.0514858789320238
"LMC",2016,5,7,8,2.9146611154512,1.32347242837513,0.0788668222410007,3.23253844590047,1.2708936833687,0.0438724002353849
"LMC",2017,1,7,7,2.39195021989163,1.12710760013261,0.0872617551369683,2.38172611602374,1.23538854062617,0.11178837855672
"LMC",2017,2,7,7,2.70854323989565,1.09564292156338,0.0563844632589298,2.90250191525616,1.13860991415872,0.0513182960988734
"LMC",2017,3,7,7,2.36562782292034,1.30217683684405,0.128960321945196,2.98146515425058,1.08415074232804,0.0403079879212905
"LMC",2017,4,7,8,2.07596924976172,1.37934323906507,0.19265201652738,3.00668589211545,0.919039773326975,0.0170012039043672
"LMC",2017,5,7,8,1.80076269428666,1.32871877085538,0.23334104190199,3.02588185840237,1.0120938755547,0.024328872974909
"LMC",2018,1,7,7,2.69467398610874,0.624459333729421,0.00760499768351738,1.96306871086072,0.821096418422052,0.0623267819208936
"LMC",2018,2,7,7,2.28820602023572,0.917737794074597,0.0549379112805425,2.05605529712042,0.807538372414993,0.051511293646823
"LMC",2018,3,7,7,2.01747791237516,1.02198914335259,0.105374089392227,2.31439937373695,0.776307315775373,0.0307540892683785
"LMC",2018,4,7,7,1.7448658672337,0.987340134381705,0.137435592166742,2.31923509838788,0.770484142118835,0.0297521606613211
"LMC",2018,5,7,8,1.8231749851284,1.00451787574721,0.129242189983536,2.3816633594865,0.665750014390174,0.011679405139062
"LMC",2019,1,7,7,2.96674269264463,0.991342199664355,0.030354567383505,3.01820026584321,0.424813949467502,0.000856105054738377
"LMC",2019,2,7,7,2.67939866597855,1.11422270988678,0.0612620162335868,2.66942760818641,0.556737950914023,0.00490624849019333
"LMC",2019,3,7,7,2.34692089094295,1.05796043722079,0.0772889470608931,2.61437741586999,0.587970374172276,0.00672449040963096
"LMC",2019,4,7,7,2.44560336944679,1.06064540671242,0.0692719113813519,2.69702840955427,0.628977706407077,0.00780422422741048
"LMC",2019,5,7,7,2.00765518886676,1.02753821953802,0.108135879674784,2.59384687866427,0.691114543376657,0.0132508380949261
"LMC",2020,1,6,7,1.86238996011005,1.40004522984547,0.25421638116814,2.57954033043686,0.947493973150145,0.0416513013635631
"LMC",2020,2,6,7,1.63666241570633,1.19143272913886,0.241494708010271,2.43488773767471,0.694799154190139,0.0172024101038484
"LMC",2020,3,6,7,1.80280646808775,1.15151682838046,0.192500340835025,2.27154540856097,0.674894000894633,0.0199814391583819
"LMC",2020,4,6,7,1.37933738698871,1.10599407130595,0.28037938089701,2.24610123160363,0.655897044411974,0.0187472609685398
"LMC",2020,5,6,7,1.37933738698871,1.10599407130595,0.28037938089701,2.30346818299919,0.663841028662816,0.0178510973742143
"LMC",2021,1,5,6,2.09384913546798,1.24759708855028,0.191880113905019,3.33076585269397,1.60667660690543,0.106856973246349
"LMC",2021,2,5,7,2.19036061004169,1.33339090528868,0.198987542364711,3.19609026788295,1.36691065576343,0.0665301780363518
"LMC",2021,3,5,7,1.77124687594754,1.2608731643799,0.254725874236199,2.55637347685973,1.28228193889245,0.102774540205387
"LMC",2021,4,5,7,1.77124687594754,1.2608731643799,0.254725874236199,2.20281803367351,1.28704140042543,0.147664345621864
"LMC",2021,5,5,7,1.77124687594754,1.2608731643799,0.254725874236199,2.09429600286629,1.28140319232907,0.163107495216934
"LIC",2006,1,6,6,-8.02007634488068,2.39789588979348,0.0287118010037432,-8.14914134617065,2.56264328773116,0.0335360103716646
"LIC",2006,2,6,6,-7.18530172065662,2.00047419182108,0.0229250146277796,-7.26783788067811,2.66396578718397,0.052540262614684
"LIC",2006,3,6,6,-6.78308717187449,1.71141155498865,0.0166296047180048,-7.22997166285104,2.74082754608675,0.0577082570737126
"LIC",2006,4,6,6,-6.70979345928174,1.63555569049624,0.0148232517189085,-7.15432499030469,2.78281192941228,0.0619199839938882
"LIC",2006,5,6,6,-6.44496333797652,1.61412697395747,0.0162263908174939,-6.80834322769083,2.8088390264575,0.0724569448367953
"LIC",2007,1,8,8,0.00270583582989046,0.784969635156105,0.997361401996954,-0.16897512718632,0.945174363131288,0.863997003530215
"LIC",2007,2,8,8,0.00440483916581058,0.730614077096368,0.995385075532629,-0.113846700177473,0.954612417102407,0.908962540839288
"LIC",2007,3,8,8,-0.00376553377494165,0.727053837096365,0.996035546226316,-0.144249632869018,0.903662767294672,0.878412429069957
"LIC",2007,4,8,8,0.121911550076054,0.710283067039785,0.869364679427517,-0.10758749578646,0.915276946013524,0.910263283797434
"LIC",2007,5,8,8,0.122782598295343,0.669916966540403,0.86061471729132,-0.189555828223412,0.912245574844372,0.84226615100311
"LIC",2008,1,8,8,0.749260340944831,0.791991669476413,0.380649262398666,0.86487091590019,0.937890682181514,0.392024598368321
"LIC",2008,2,8,8,0.73170171832115,0.810838970698875,0.401616788044843,0.868172333753425,1.02909207699763,0.431218975286737
"LIC",2008,3,8,8,0.874348667882251,0.782305082146897,0.306457437486723,0.844910830787527,1.07402117946566,0.461401645150994
"LIC",2008,4,8,8,0.863242198244794,0.725624074961611,0.279118800577914,0.709223020449201,1.05291776019875,0.525661685642011
"LIC",2008,5,8,8,0.913787313398612,0.61141537080222,0.185655506799741,0.79090134386174,1.06664800882604,0.486398342036441
"LIC",2009,1,7,7,0.697786457813317,0.732783654189143,0.384704514500353,0.843276519217897,0.680263120009542,0.270118063183173
"LIC",2009,2,7,7,0.76979936322037,0.721616335152962,0.334852520958278,0.869777370488719,0.773310843151348,0.311773402450888
"LIC",2009,3,7,7,0.760447097220177,0.653522147915319,0.297084904240958,0.982931470117966,0.839143180479858,0.29423446005116
"LIC",2009,4,7,7,0.742725777351779,0.546673356988859,0.232343521626862,1.02350371517026,0.876432511830174,0.295537200274767
"LIC",2009,5,7,7,0.73825648950499,0.503347022787449,0.20237115700448,1.04877802789179,0.852476666198249,0.273315750274436
"LIC",2010,1,7,7,1.11661281990765,0.544130828852296,0.0953870507081721,1.00863384090736,0.535846610527935,0.118523302074515
"LIC",2010,2,7,7,1.01867583536955,0.480340919982591,0.0874241164815472,1.08044154297602,0.507590193956479,0.0865606769664599
"LIC",2010,3,7,7,0.927269824390318,0.38180674300971,0.0594805373124537,1.12753324448164,0.567582323313092,0.103705595947377
"LIC",2010,4,7,7,0.895755273306189,0.338800871274528,0.0457609792164882,1.22717424520194,0.605693112426841,0.0986045017853705
"LIC",2010,5,7,7,0.859990049373181,0.336332657358179,0.050833874667904,1.29109840794502,0.622848255471027,0.09289718412176
"LIC",2011,1,8,8,-1.00509593912002,2.26950754368702,0.67338000440249,-1.76036698274922,2.62606062633378,0.527581773483171
"LIC",2011,2,8,8,-0.593702248642968,1.93142407345278,0.768935871687954,-2.26791103170637,2.45246819446814,0.390773824310613
"LIC",2011,3,8,8,-1.08731294564946,1.77516969691723,0.562678021908987,-2.17548590711074,2.4864197386403,0.415249078585819
"LIC",2011,4,8,8,-0.476752536311415,1.73240594503439,0.792396415727357,-1.95406310489156,2.67470011941902,0.492569423815535
"LIC",2011,5,8,8,-0.210825379404104,1.74471137889836,0.907765330455911,-1.86233747191034,2.86355520570691,0.539549740707046
"LIC",2012,1,8,8,1.58828005692691,1.09115657847116,0.195751431147093,0.590810690707097,1.71039937887126,0.741564779768482
"LIC",2012,2,8,8,1.88797157622497,0.967463708855689,0.0988579753519553,0.0884152569940224,1.83395804013647,0.963113516635233
"LIC",2012,3,8,8,1.92804102580294,0.919158734278804,0.0807435284247252,-0.283776688926192,1.8088299468335,0.880482170655183
"LIC",2012,4,8,8,2.06269799574803,0.928089665819959,0.067961796782639,-0.279099068101236,1.85157606757353,0.885124001567233
"LIC",2012,5,8,8,2.22712029402464,0.866649364675714,0.0423460865716836,-0.4265634989775,1.96460868964212,0.835306646582965
"LIC",2013,1,8,8,2.40805184793579,1.44879519622741,0.14755407768495,2.07691357906638,1.14287636606583,0.119070000417981
"LIC",2013,2,8,8,2.78475710759355,1.15564955256395,0.052596084873003,1.54187416845025,1.50846799689545,0.346143569903044
"LIC",2013,3,8,8,3.05406488017375,1.10414722697559,0.0325946069589577,1.1427145289026,1.68345672388336,0.522576487832929
"LIC",2013,4,8,8,3.15455822554115,1.07812191518371,0.0264250313560354,0.604653701489463,1.74567928797651,0.740886906737275
"LIC",2013,5,8,8,3.08991237750516,1.10505107092001,0.0313215924150233,0.517421600174296,1.83453629331712,0.787385055768917
"LIC",2014,1,7,8,0.617191927851182,1.14234069897848,0.612186135577727,-0.104161119662017,1.3069034674325,0.939067107829683
"LIC",2014,2,7,8,0.876885930862919,1.14671664296736,0.478970913972992,0.69572249917803,0.996023539002679,0.511016189530533
"LIC",2014,3,7,8,0.808634756470241,1.13465290201865,0.507916750992777,0.913861519274381,1.08517527387966,0.431993396364932
"LIC",2014,4,7,8,0.783400368610504,1.12192274765248,0.516144182420458,1.29046504947308,1.07686555679451,0.275961526455397
"LIC",2014,5,7,8,0.96754141336492,1.11176128047917,0.423952196324473,1.23993557714591,1.11311426222085,0.307930520715805
"LIC",2015,1,7,7,1.23899297654054,1.50570748950576,0.448037136796659,0.1786901123739,1.3794356532591,0.901981324410658
"LIC",2015,2,7,8,0.970781497206363,1.42704775735047,0.52654835803681,-0.318547559257355,1.38680294567312,0.82595583605245
"LIC",2015,3,7,8,0.748191231511469,1.38395233752283,0.611973466878917,0.0593296780433918,1.16548585907422,0.96105319188514
"LIC",2015,4,7,8,0.797803343185233,1.40453004754318,0.594577866873874,-0.0572523382973941,1.25754875900866,0.965164739916102
"LIC",2015,5,7,8,0.74035334961864,1.43902512097303,0.628840196943958,0.0769358797583318,1.31757892281259,0.955332655996579
"LIC",2016,1,7,7,0.800819606081182,1.32032552299099,0.570643612733219,1.79028736451254,1.23317865332514,0.206280846154236
"LIC",2016,2,7,7,0.687980290855959,1.26093511693334,0.608782275608157,0.817098692020503,1.25360559575131,0.543299848214298
"LIC",2016,3,7,8,0.759617714802778,1.31223505238773,0.587772210604147,0.451603994442633,1.31699819288485,0.743365194733564
"LIC",2016,4,7,8,0.629193488778962,1.37363634162088,0.666135408893352,0.711413879296825,1.08364874316989,0.535854794127254
"LIC",2016,5,7,8,0.28453275773664,1.20909218621378,0.823289029868735,0.673087348236086,1.13854794498955,0.575977791332387
"LIC",2017,1,7,7,0.096077410074315,1.12870913949228,0.93546810987513,0.463856879057571,1.18104300477063,0.710688188239695
"LIC",2017,2,7,7,0.288976811281554,1.24258350224396,0.825321768101989,0.893426982673817,1.12956424796563,0.464820612777442
"LIC",2017,3,7,7,0.225139293998161,1.29430971059575,0.868731678918001,0.430341447852719,1.10810325485013,0.713736082083209
"LIC",2017,4,7,8,-0.0939314819647481,1.10407605491496,0.935501742828368,-0.0909918032913453,1.14256868669848,0.939114978935984
"LIC",2017,5,7,8,0.0685023643170543,1.09748052892616,0.952648431032088,0.265421466214872,0.95238579989063,0.789837927569848
"LIC",2018,1,7,7,0.303362945973791,1.03043903463065,0.780281858300267,-0.110574011953277,0.872358755755242,0.904075526155145
"LIC",2018,2,7,7,0.187899607524135,1.06622757610108,0.867029911995388,0.0773707357602683,0.879379977972099,0.933305141618478
"LIC",2018,3,7,7,-0.0777176211231339,0.879410174612339,0.933009343968982,0.346524507038103,0.871035180015564,0.707172349584742
"LIC",2018,4,7,7,0.0841640015104496,0.871532230113911,0.926819090278454,0.0836490892434935,0.857853966133258,0.926109783807625
"LIC",2018,5,7,8,0.153961399143267,0.708214486308359,0.836494300103691,-0.192090186279221,0.891063981793667,0.836461241974464
"LIC",2019,1,7,7,0.611927485538592,1.34271225967379,0.667686456907745,0.549737939887861,1.05531369774581,0.624659052030638
"LIC",2019,2,7,7,0.21753236671817,1.07675183605504,0.847858699927603,0.331252419247858,0.996586521196593,0.753079312371048
"LIC",2019,3,7,7,0.406027723718142,1.03092530145051,0.709928799988811,0.364675151710105,0.944234148011761,0.715227097560704
"LIC",2019,4,7,7,0.392957853148132,0.842115555522278,0.660388699693176,0.524898664847153,0.908947678105679,0.588643598484897
"LIC",2019,5,7,7,0.117544026926067,0.846759399595452,0.895013096943058,0.275525422533662,0.90026507533085,0.771900413603533
"LIC",2020,1,6,7,-0.296348819158406,1.04640379414673,0.791070849438485,0.493701917482577,1.21523819127131,0.701355726185283
"LIC",2020,2,6,7,0.0298702592963118,0.996921454336699,0.977532326793247,0.403638201479274,0.9887143191991,0.699988442063257
"LIC",2020,3,6,7,0.0117243179052084,0.809439276674481,0.989137104703652,0.297707303663873,0.934274362190412,0.762872040289171
"LIC",2020,4,6,7,-0.271296987815001,0.833447970093282,0.761109678811247,0.325033392455294,0.881515489501787,0.727433215157969
"LIC",2020,5,6,7,-0.271296987815001,0.833447970093282,0.761109678811247,0.455667387531351,0.837780188552471,0.609876026869575
"LIC",2021,1,5,6,1.29917448030369,0.990046103300342,0.280811958155736,1.68045724535541,1.18722120294428,0.229862227361756
"LIC",2021,2,5,7,1.02926474250816,0.8439026242745,0.309737620404034,1.72162167969936,1.0558637880583,0.163917421319474
"LIC",2021,3,5,7,0.911385352292775,1.05556743959236,0.451417756433739,1.19046885131709,0.97290976237378,0.275609763136923
"LIC",2021,4,5,7,0.911385352292775,1.05556743959236,0.451417756433739,0.898838026981889,0.999211200894821,0.409590162783297
"LIC",2021,5,5,7,0.911385352292775,1.05556743959236,0.451417756433739,0.718294863816089,0.98789040205807,0.499768083061029
