"term","real_est","std.error","statistic","p.value","Region","Risk_Type","Lag","N","mean_sim","sd_sim","q025","q975","z","signif","sig.two"
"Risk_Score",0.082920784651855,0.0685142549942558,1.21027054382781,0.246213152421654,"HIC","Climate",-5,16,0.268764721778182,0.0684856643597783,0.130707095071591,0.398167836580648,-2.71361808144293,TRUE,"SIM"
"Risk_Score",-0.183926924645606,0.0773593121633529,-2.37756670143632,0.0322226714043719,"HIC","Climate",-4,16,-0.00372610198899524,0.0885864978437098,-0.177706324143661,0.169567668548687,-2.03417932803408,TRUE,"BOTH"
"Risk_Score",-0.1876040378567,0.100650340486835,-1.8639185615198,0.0834394268985072,"HIC","Climate",-3,16,-0.00491570836265201,0.11191367586668,-0.220453448086033,0.211524201211482,-1.63240397636193,FALSE,"NONE"
"Risk_Score",-0.158893663661117,0.15550172181203,-1.02181288933371,0.324202819969909,"HIC","Climate",-2,16,-0.00761244712920802,0.157574925091544,-0.304185269282691,0.301372751119795,-0.960058946206202,FALSE,"NONE"
"Risk_Score",-0.171540824562232,0.179706683011445,-0.954560073602313,0.355992837559965,"HIC","Climate",-1,16,-0.0166260604683596,0.345683471419784,-0.654855252200364,0.671277991282841,-0.448140501070561,FALSE,"NONE"
"Risk_Score",0.136663794727231,0.221377097404751,0.617334838740632,0.546924063175901,"HIC","Climate",1,16,-0.0148916936836394,0.341789279645912,-0.681164454839157,0.641051980414324,0.443417911082171,FALSE,"NONE"
"Risk_Score",0.377698209632387,0.145147983006771,2.60215954647312,0.0208893449842086,"HIC","Climate",2,16,-0.00662471576098017,0.152573695881961,-0.307778170134029,0.287470999432952,2.51893305180664,TRUE,"BOTH"
"Risk_Score",0.234313646578927,0.0993157326990838,2.35928024907063,0.0333676878654501,"HIC","Climate",3,16,-0.0502927782607452,0.107620030492355,-0.258617098960552,0.160914289979921,2.64454882179102,TRUE,"BOTH"
"Risk_Score",0.0473326158935082,0.135491663997749,0.349339689962731,0.732033128173971,"HIC","Climate",4,16,-0.239795125343754,0.081691615500742,-0.398697701759571,-0.0846120646627654,3.5147761429036,TRUE,"SIM"
"Risk_Score",-0.0619940290467771,0.124309750180772,-0.498706086663556,0.625730284627517,"HIC","Climate",5,16,-0.29546910271557,0.0660796611780528,-0.424196216151545,-0.166082690269122,3.53323654368763,TRUE,"SIM"
"Risk_Score",0.00584352476607953,0.0407386182192856,0.14343944447564,0.888142701621431,"HIC","Geophysical",-5,16,0.0453511626492942,0.211547837843706,-0.360458216598716,0.44354465170633,-0.186755101285428,FALSE,"NONE"
"Risk_Score",0.0659104146487701,0.0660022480280308,0.998608632554126,0.336209983282088,"HIC","Geophysical",-4,16,-0.00396729589739301,0.244081456056456,-0.45735623254579,0.449430058149354,0.286288486127355,FALSE,"NONE"
"Risk_Score",0.192579785743534,0.0876574200699224,2.19695931719091,0.0467578681558453,"HIC","Geophysical",-3,16,-0.00379226061292744,0.276722752959108,-0.518794879787615,0.514319996454307,0.709634622583707,FALSE,"REG"
"Risk_Score",0.22433531061223,0.0932056819627583,2.40688449339244,0.0316740845026967,"HIC","Geophysical",-2,16,-0.00252387751415708,0.294830684938223,-0.57972165342669,0.556025715784085,0.769455825718825,FALSE,"REG"
"Risk_Score",0.284989576387915,0.147965496056923,1.92605427604743,0.0762485254777955,"HIC","Geophysical",-1,16,-0.00300467827999053,0.25839708530902,-0.52377075540469,0.490783568839052,1.11454142109804,FALSE,"NONE"
"Risk_Score",0.205107109235245,0.167027172782077,1.22798647560689,0.241222212274408,"HIC","Geophysical",1,16,-0.00153332889389395,0.2556316014953,-0.50143056507219,0.497922664171518,0.808352476456001,FALSE,"NONE"
"Risk_Score",0.159849849810637,0.106973258062901,1.49429729172728,0.158970165816673,"HIC","Geophysical",2,16,0.000765881023912168,0.293364151940184,-0.565252901870279,0.545647992731586,0.542274738527566,FALSE,"NONE"
"Risk_Score",0.113026403350971,0.110361868487472,1.02414361862496,0.324448107231969,"HIC","Geophysical",3,16,-0.0127140049330313,0.271665238237612,-0.534415288532871,0.511818552525246,0.462850562330775,FALSE,"NONE"
"Risk_Score",-0.0339654540002413,0.120947335208575,-0.280828460930267,0.783261674721938,"HIC","Geophysical",4,16,-0.114592834422319,0.236362666387301,-0.529275351326776,0.348498733998995,0.341117240105772,FALSE,"NONE"
"Risk_Score",-0.129025401633177,0.11853537191747,-1.088497041398,0.296143964447924,"HIC","Geophysical",5,16,-0.161478759021976,0.201333275250969,-0.511741657852061,0.244821951801004,0.161192218963033,FALSE,"NONE"
"Risk_Score",0.409017167075598,0.202686325801366,2.01798106240496,0.0631797074915642,"HIC","Diseases",-5,16,0.531124036612111,0.17872460004031,0.155902280026126,0.861442841497361,-0.683212436950326,FALSE,"NONE"
"Risk_Score",0.484708528214436,0.242415830399932,1.99949206045981,0.065348431762478,"HIC","Diseases",-4,16,0.00774169366990087,0.288024840392865,-0.576064093302778,0.552930451641879,1.65599201059864,FALSE,"NONE"
"Risk_Score",0.538385930907501,0.257362673797242,2.09193478978096,0.0551494687749751,"HIC","Diseases",-3,16,0.00842042022158867,0.313579413623214,-0.621086282896636,0.593754063022889,1.69005198575536,FALSE,"NONE"
"Risk_Score",0.939936948600305,0.338051413504357,2.78045560838393,0.0147361763426421,"HIC","Diseases",-2,16,0.0211854478898213,0.639153830437589,-1.21033186006147,1.15939080588634,1.43744972956115,FALSE,"REG"
"Risk_Score",0.999813618436475,0.421884924045904,2.36987282894159,0.032699808722253,"HIC","Diseases",-1,16,0.015801068839039,0.528648227493453,-1.03929104225128,0.993014338826041,1.86137491515494,TRUE,"BOTH"
"Risk_Score",0.852235936745871,0.555960024701614,1.53290866048017,0.147581029110714,"HIC","Diseases",1,16,0.0072107561310276,0.518994724741416,-0.995452868928366,0.974328266494447,1.62819608818927,FALSE,"NONE"
"Risk_Score",0.736775932577306,0.580897999758676,1.26833959298084,0.225362574024447,"HIC","Diseases",2,16,0.00354514921290838,0.64533791681804,-1.23964821811748,1.17065194620099,1.13619665644277,FALSE,"NONE"
"Risk_Score",0.980968545458126,0.617221817831713,1.58932901773344,0.134307696766201,"HIC","Diseases",3,16,0.000354966587507064,0.314350727431564,-0.631073425633019,0.60945900465189,3.11948881710192,TRUE,"SIM"
"Risk_Score",1.00478583975128,0.583393735299539,1.72231167212548,0.10702088024149,"HIC","Diseases",4,16,-0.00328797716216402,0.295002627214364,-0.560863667589023,0.556185166536711,3.41716894670543,TRUE,"SIM"
"Risk_Score",1.21181365910552,0.585811377574456,2.0686072437224,0.0575747710392515,"HIC","Diseases",5,16,-0.00191679852132832,0.207118731537202,-0.403609438121648,0.400680570108955,5.86007092945546,TRUE,"SIM"
"Risk_Score",-0.0698121530668685,0.273466939843524,-0.255285531431385,0.803212874980818,"HIC","Food",-5,13,0.357097507020977,0.609778090217508,-0.763743264208081,1.38146046146809,-0.700106591129844,FALSE,"NONE"
"Risk_Score",-0.517409466495551,0.33591547132307,-1.54029662420022,0.154511408866451,"HIC","Food",-4,12,-0.0243167313677796,0.743838979853168,-1.28061718191564,1.30547630938628,-0.662902521221874,FALSE,"NONE"
"Risk_Score",-0.624920805218365,0.436669700716609,-1.43110640420625,0.186192306076119,"HIC","Food",-3,11,-0.0161352196743222,0.713089935460737,-1.24746477229341,1.28858732164696,-0.853729039312129,FALSE,"NONE"
"Risk_Score",-0.309216851858587,0.61097274314983,-0.506105804760519,0.626431366326952,"HIC","Food",-2,10,-0.0205666287718952,0.705379117513147,-1.29818831756443,1.2621422193272,-0.409212884135759,FALSE,"NONE"
"Risk_Score",0.0234854614977792,0.804845459283037,0.0291800882105991,0.977535474370945,"HIC","Food",-1,9,-0.0236158871497673,0.64189604416199,-1.25327921297409,1.22998266510104,0.0733784684855604,FALSE,"NONE"
"Risk_Score",-0.872624935912912,0.788495631246529,-1.10669596803394,0.310811169879651,"HIC","Food",1,8,0.0105735592712275,0.741919599349458,-1.36225542790483,1.53770184369096,-1.19042345822723,FALSE,"NONE"
"Risk_Score",-0.586275113266142,0.53210759837344,-1.10179804809832,0.312773270031893,"HIC","Food",2,8,-0.00594084307811559,0.837986761075221,-1.3736089126907,1.71222457179167,-0.692533936268158,FALSE,"NONE"
"Risk_Score",-0.365700302352565,0.423174555717355,-0.864183106974943,0.420687653661797,"HIC","Food",3,8,0.00396017429404768,0.712176126978992,-1.19272817404147,1.45778548890542,-0.519057663747716,FALSE,"NONE"
"Risk_Score",-0.310169242252093,0.319322973410327,-0.971333941117756,0.368894746669849,"HIC","Food",4,8,0.000993861640316833,0.655495527063677,-1.10202180345692,1.30279323948591,-0.474699049871904,FALSE,"NONE"
"Risk_Score",-0.0744184346502404,0.270549245010413,-0.275064285052343,0.792493481325796,"HIC","Food",5,8,0.00834409786952201,0.534669080099576,-0.891077302351156,1.09473073469082,-0.154792067841942,FALSE,"NONE"
"Risk_Score",0.583175272997511,0.314514616100551,1.85420722326961,0.0848943071481546,"HIC","Economic",-5,16,0.351455050435616,0.107461161582703,0.131906878611067,0.545512594490396,2.15631600430414,TRUE,"SIM"
"Risk_Score",0.606667558378896,0.348886060125526,1.73887015766873,0.103988506208853,"HIC","Economic",-4,16,0.00540158207714306,0.208259722293303,-0.393650269247416,0.395845868905862,2.88709679279683,TRUE,"SIM"
"Risk_Score",0.714381711606887,0.37789419051118,1.89042787516934,0.0795813744912187,"HIC","Economic",-3,16,0.00893480286349112,0.25418594786022,-0.468655504832335,0.491020480462926,2.77531828443692,TRUE,"SIM"
"Risk_Score",0.997291718711599,0.37693431345997,2.64579711397782,0.019185905937359,"HIC","Economic",-2,16,0.00366816279906062,0.431476046360488,-0.823206885652494,0.794961604943673,2.30284754922963,TRUE,"BOTH"
"Risk_Score",1.01609975695954,0.416383398443244,2.44029843831067,0.0297502285771736,"HIC","Economic",-1,15,0.00238668440506103,0.396172982813027,-0.785733988660263,0.732310088260904,2.55876376363832,TRUE,"BOTH"
"Risk_Score",0.345012097481512,0.503455852271119,0.685287688930703,0.506185030166948,"HIC","Economic",1,14,-0.0152292579438919,0.395989681814206,-0.769353265355782,0.72942779631062,0.909724096281948,FALSE,"NONE"
"Risk_Score",-0.034371511524862,0.488553195931624,-0.0703536724579579,0.945071026503776,"HIC","Economic",2,14,-0.0222974129902967,0.426979042096182,-0.8457535477717,0.784632183278553,-0.0282779652961173,FALSE,"NONE"
"Risk_Score",-0.107761543040745,0.461855618161287,-0.23332301005617,0.819443196463044,"HIC","Economic",3,14,-0.013606110212393,0.2474894663297,-0.505467711622549,0.463479988260528,-0.38044218295303,FALSE,"NONE"
"Risk_Score",-0.34950278952954,0.421155481767704,-0.829866414328936,0.422816622823728,"HIC","Economic",4,14,-0.0123924811759396,0.202375825563895,-0.390475902258749,0.369813207687338,-1.66576372160205,FALSE,"NONE"
"Risk_Score",-0.360637233191196,0.380404658005322,-0.948035797148811,0.361812864251004,"HIC","Economic",5,14,-0.00740185713654473,0.134435166972529,-0.264407024678399,0.258341466192369,-2.62755188251325,TRUE,"SIM"
"Risk_Score",0.116157884021895,0.166576624195759,0.697324036807156,0.497017637374385,"HIC","Tech",-5,16,0.194970183745807,0.0820322422078632,0.0346828700137006,0.347955037393862,-0.960747842588621,FALSE,"NONE"
"Risk_Score",-0.162126005188488,0.247763200439009,-0.65435869774534,0.523485641280972,"HIC","Tech",-4,16,0.000795201493055407,0.102745268973367,-0.199092112932564,0.199865094239917,-1.58568086209181,FALSE,"NONE"
"Risk_Score",-0.187868229386408,0.303733745998068,-0.618529326628075,0.546158951286004,"HIC","Tech",-3,16,0.0018296164914821,0.126644018294124,-0.244061317151557,0.25115743206706,-1.49788239849849,FALSE,"NONE"
"Risk_Score",-0.23059879954442,0.356973155757032,-0.645983586792093,0.528737187260932,"HIC","Tech",-2,16,0.000773076386407855,0.17548703071646,-0.335516192465131,0.335888191145339,-1.31845570003782,FALSE,"NONE"
"Risk_Score",-0.322785206918442,0.376045210485809,-0.858368084256249,0.405145904096002,"HIC","Tech",-1,16,0.000854434663593512,0.337829747360856,-0.667332193153851,0.655034769271313,-0.957996280997531,FALSE,"NONE"
"Risk_Score",-0.288129799943132,0.385419222420741,-0.747575064194896,0.467088450749147,"HIC","Tech",1,16,-0.0185806651685723,0.330172599480356,-0.644532106288627,0.632000437912638,-0.816388565249786,FALSE,"NONE"
"Risk_Score",-0.412199874191313,0.369310840256947,-1.11613261583257,0.283156548138108,"HIC","Tech",2,16,-0.00900192098042154,0.171802477942811,-0.346244929279138,0.323666846122248,-2.34686925380148,TRUE,"SIM"
"Risk_Score",-0.404655020538112,0.345453445671953,-1.17137352545726,0.260999488353861,"HIC","Tech",3,16,-0.0387091372248222,0.123897897383443,-0.273020903544984,0.200127393013289,-2.9536085037888,TRUE,"SIM"
"Risk_Score",-0.497685557826683,0.35764910437281,-1.39154705475762,0.185776181534555,"HIC","Tech",4,16,-0.162591582060607,0.0957425633611296,-0.349568559767729,0.0263230584437417,-3.49994781842367,TRUE,"SIM"
"Risk_Score",-0.449823870243433,0.348937950606018,-1.28912280668297,0.218248734806505,"HIC","Tech",5,16,-0.201027860315589,0.0776251602408329,-0.348238842265354,-0.0453850435371122,-3.20509496091154,TRUE,"SIM"
"Risk_Score",0.700306376539055,0.36094040073526,1.94022718186294,0.0727661926116884,"HIC","Terror",-5,16,0.142749779771832,0.217275825641189,-0.268081832632113,0.55064647897726,2.56612347518116,TRUE,"SIM"
"Risk_Score",0.833217856583826,0.352225049007018,2.36558376223613,0.032968699009449,"HIC","Terror",-4,16,-0.00437625245062719,0.304763402897261,-0.584128542968666,0.589402352813414,2.74834216008809,TRUE,"BOTH"
"Risk_Score",0.812482497316739,0.381671486476515,2.12874821962037,0.0515134857237685,"HIC","Terror",-3,16,-0.00415690856188666,0.323192273644894,-0.620725794137834,0.603722046738768,2.52679123999079,TRUE,"SIM"
"Risk_Score",0.926205518421143,0.397652578454676,2.32918273036349,0.0353366413644747,"HIC","Terror",-2,16,-0.0105521328479253,0.46467172787543,-0.872131194292318,0.866338081279146,2.01595577065148,TRUE,"BOTH"
"Risk_Score",0.738256360846376,0.445591076297398,1.65680239151299,0.119791011048995,"HIC","Terror",-1,16,-0.00601441475762045,0.396771599109945,-0.759151225153435,0.774443448799761,1.8758166594423,FALSE,"NONE"
"Risk_Score",0.914132006412427,0.404702770086391,2.25877378160098,0.0417256863403376,"HIC","Terror",1,15,-0.0160984038685136,0.409028878368264,-0.801028788797902,0.764558734746132,2.27424140317892,TRUE,"BOTH"
"Risk_Score",1.12507963761017,0.29087566270696,3.86790571318309,0.00194055543353851,"HIC","Terror",2,15,-0.00742650861417201,0.460748883763586,-0.887510079063323,0.840283428360887,2.45796829060891,TRUE,"BOTH"
"Risk_Score",0.921760377038129,0.273142071820929,3.37465543441594,0.00497902043256429,"HIC","Terror",3,15,-0.00518522686765092,0.320055401011091,-0.612355290152846,0.601892962832462,2.89620359780667,TRUE,"BOTH"
"Risk_Score",0.678460021211665,0.283882964106839,2.38992862198074,0.0326953640399728,"HIC","Terror",4,15,-0.00382840089634479,0.313235959719826,-0.556700867291033,0.600944244060735,2.178193150998,TRUE,"BOTH"
"Risk_Score",0.611244353578352,0.229117857362209,2.66781629601243,0.0193445850350013,"HIC","Terror",5,15,-0.00210206460061392,0.234861878891993,-0.428677381823328,0.463300280436236,2.61151967732077,TRUE,"BOTH"
"Risk_Score",-0.375926184551499,0.412368068043897,-0.911627775484017,0.381508945572915,"HIC","GeoConflict",-5,16,0.0908288683035175,0.114816167156802,-0.133026813744357,0.31930973307209,-4.06523806196718,TRUE,"SIM"
"Risk_Score",-0.482324975897571,0.466078242352167,-1.03485838228236,0.322950328809621,"HIC","GeoConflict",-4,16,-0.00502416577112615,0.165983792871342,-0.326333517009647,0.313076375086249,-2.87558683814637,TRUE,"SIM"
"Risk_Score",-0.637993052544803,0.53264033166869,-1.19779336000723,0.256170046972569,"HIC","GeoConflict",-3,16,-0.00882978500288286,0.267271884041836,-0.511839632140313,0.504058187750046,-2.35401965230071,TRUE,"SIM"
"Risk_Score",-0.597943834392954,0.661652141507306,-0.903713291142353,0.385511202386495,"HIC","GeoConflict",-2,16,-0.0183229757033053,0.778214803845428,-1.4982965887256,1.52609181654118,-0.744808317479367,FALSE,"NONE"
"Risk_Score",-0.560319650481009,0.709205634365815,-0.790066552392886,0.446186776097993,"HIC","GeoConflict",-1,16,-0.0143486130901532,0.698436204038342,-1.34667994246953,1.4105862964145,-0.781704949190869,FALSE,"NONE"
"Risk_Score",-0.57962383131402,0.713187214063069,-0.812723251180947,0.433614443516786,"HIC","GeoConflict",1,16,-0.00585583652829323,0.671557959702478,-1.26603156003889,1.32443816866795,-0.854383432578067,FALSE,"NONE"
"Risk_Score",0.358669885662528,0.633611106577194,0.566072598695571,0.582708295265419,"HIC","GeoConflict",2,16,0.00638820778944975,0.786583709900385,-1.49342179270823,1.48602425297211,0.447862920931445,FALSE,"NONE"
"Risk_Score",0.272253072577765,0.559727846275514,0.48640258723836,0.636227493853522,"HIC","GeoConflict",3,16,0.00271116845341974,0.279275338344591,-0.555936848400387,0.546301292723892,0.965147534050301,FALSE,"NONE"
"Risk_Score",1.07660573790046,0.362023981672316,2.97385198883024,0.0126578760858139,"HIC","GeoConflict",4,16,0.695219857871883,0.141642087379007,0.417549034469754,0.957061690693565,2.6926027926153,TRUE,"BOTH"
"Risk_Score",0.87748590249595,0.258154514003811,3.39907247363878,0.00593883951284544,"HIC","GeoConflict",5,16,0.576222338016223,0.0889963462314776,0.399513613503429,0.749524288170972,3.38512284196641,TRUE,"BOTH"
"Risk_Score",-0.116278941706571,0.149696916924164,-0.776762435030489,0.450224523169951,"LIC","Climate",-5,16,0.267695203392155,0.0905416555504258,0.0839283701299177,0.445816341844508,-4.24085624196342,TRUE,"SIM"
"Risk_Score",-0.406326675720678,0.130533129649884,-3.11282412986286,0.00763538298554977,"LIC","Climate",-4,16,-0.00221763490211273,0.115363210931444,-0.232523881728512,0.227271042919606,-3.50292816536384,TRUE,"BOTH"
"Risk_Score",-0.467290745984649,0.170973632162479,-2.73311586163518,0.0161721109457909,"LIC","Climate",-3,16,-0.00248899735550363,0.144758041468211,-0.299482506144136,0.283566533986737,-3.21088724270435,TRUE,"BOTH"
"Risk_Score",-0.504617617624916,0.220295023115544,-2.2906446568257,0.0380183964861988,"LIC","Climate",-2,16,-0.0016320208163193,0.197472596359086,-0.387718377041025,0.381965491408331,-2.54711593447611,TRUE,"BOTH"
"Risk_Score",-0.567329403387882,0.282675772088648,-2.00699691804491,0.0644600427858483,"LIC","Climate",-1,16,-0.00238159364348279,0.329392238144371,-0.666765038963685,0.613270814086402,-1.71512180410513,FALSE,"NONE"
"Risk_Score",-0.401684269684402,0.285796758431578,-1.4054892430859,0.181678049443784,"LIC","Climate",1,16,0.00299742182784747,0.325234341011522,-0.631753534224309,0.6173804088132,-1.24427725022406,FALSE,"NONE"
"Risk_Score",-0.143635245879889,0.224961955856997,-0.638486829173885,0.533463117635847,"LIC","Climate",2,16,-0.00175073558327741,0.193926425107549,-0.38304072450657,0.379248468672549,-0.731640931440491,FALSE,"NONE"
"Risk_Score",-0.215388758116926,0.19402042683967,-1.11013444112724,0.285645309768487,"LIC","Climate",3,16,-0.0452676528113442,0.141494833980003,-0.318865854142418,0.233014629839872,-1.20231319066833,FALSE,"NONE"
"Risk_Score",-0.255817043505136,0.170002432741207,-1.50478460443307,0.154603072308427,"LIC","Climate",4,16,-0.233455701778853,0.11022413298075,-0.447731628867035,-0.00710065025259502,-0.202871559263598,FALSE,"NONE"
"Risk_Score",-0.270429587211586,0.126097708772796,-2.14460349710912,0.0500170513110579,"LIC","Climate",5,16,-0.290234841677601,0.0897962124308384,-0.464320385557298,-0.108055875918173,0.220557793362045,FALSE,"NONE"
"Risk_Score",-0.482367206680439,0.0727720091026259,-6.62847175210164,1.64158619852659e-05,"LIC","Geophysical",-5,16,0.0575742169822513,0.260621698628735,-0.454128755730281,0.553149348888959,-2.07174393576437,TRUE,"BOTH"
"Risk_Score",-0.40607577095577,0.0744386887498171,-5.45517093027472,0.000110244305604886,"LIC","Geophysical",-4,16,0.0157256792966136,0.297376363076221,-0.574597017468848,0.576320856134537,-1.41840947239062,FALSE,"REG"
"Risk_Score",-0.39593479590133,0.079863692404172,-4.95763198497753,0.000261869860084862,"LIC","Geophysical",-3,16,0.0167656608936601,0.321477762066602,-0.631562545615094,0.607261705807035,-1.28376051314395,FALSE,"REG"
"Risk_Score",-0.33530335602068,0.0877728065190129,-3.82012800226512,0.00212456598321059,"LIC","Geophysical",-2,16,0.0200485140176186,0.322949226602159,-0.626538149223286,0.617510952962645,-1.10033355328656,FALSE,"REG"
"Risk_Score",-0.348851630736891,0.110842419755033,-3.14727548810165,0.00771198152651863,"LIC","Geophysical",-1,16,0.0165916360974082,0.264058560923164,-0.54013496079076,0.486862640031638,-1.38394780898861,FALSE,"REG"
"Risk_Score",-0.289530083586951,0.132303244472288,-2.18838233893497,0.0474996306527402,"LIC","Geophysical",1,16,0.0148801780046439,0.26319420357088,-0.52276799628141,0.507661117173356,-1.15659941389862,FALSE,"REG"
"Risk_Score",-0.257603385181523,0.151069567151065,-1.70519708263894,0.111921755064491,"LIC","Geophysical",2,16,0.0166643649956031,0.322470192171594,-0.613092831539522,0.62063190675744,-0.85052124765436,FALSE,"NONE"
"Risk_Score",-0.214973107189556,0.119688586635654,-1.79610364891316,0.0957432040589841,"LIC","Geophysical",3,16,0.00585877389067231,0.32375544649675,-0.610592944262891,0.614203120873607,-0.682094721400911,FALSE,"NONE"
"Risk_Score",-0.245694205301782,0.0521938217291135,-4.7073426923389,0.000409750034192329,"LIC","Geophysical",4,16,-0.0917220025643673,0.295731206135338,-0.637160750689396,0.462704795383224,-0.520649155527235,FALSE,"REG"
"Risk_Score",-0.242593384201878,0.0406374411553856,-5.96970127312575,4.67121478733377e-05,"LIC","Geophysical",5,16,-0.139789881037521,0.262076498188461,-0.613888401788922,0.368460833834621,-0.392265250317984,FALSE,"REG"
"Risk_Score",0.275118419268464,0.219902973650236,1.25109003621775,0.231405386499678,"LIC","Diseases",-5,16,0.51699897055197,0.222014216620596,0.0559387457978218,0.924686384209878,-1.08948226363747,FALSE,"NONE"
"Risk_Score",0.230501264451585,0.310353717684513,0.742705021133009,0.469939734264479,"LIC","Diseases",-4,16,0.0022214049509324,0.348202378852571,-0.686969878458498,0.66564855566816,0.65559534731756,FALSE,"NONE"
"Risk_Score",0.337653987538961,0.328116372617637,1.02906778118152,0.320899669632197,"LIC","Diseases",-3,16,0.00296665345960515,0.371922803049443,-0.740352778056952,0.705643566659228,0.899883877340168,FALSE,"NONE"
"Risk_Score",0.594915787633021,0.493488870902927,1.20553030212113,0.247979543794469,"LIC","Diseases",-2,16,0.00594621142137348,0.621816924212449,-1.17515707141153,1.14641539195168,0.947175210706265,FALSE,"NONE"
"Risk_Score",0.783127298499438,0.56538591323385,1.38511993342771,0.187690736866786,"LIC","Diseases",-1,16,0.00832539785559022,0.516217672254225,-1.01426928258512,0.988388478968685,1.50092091435079,FALSE,"NONE"
"Risk_Score",0.503935894013119,0.698116797549277,0.721850406382105,0.482269710169567,"LIC","Diseases",1,16,-0.00142420720963011,0.517067415182922,-1.00266482154891,0.984774044659595,0.977358244560758,FALSE,"NONE"
"Risk_Score",0.328995258617986,0.651869098430124,0.504695282243467,0.621623340576442,"LIC","Diseases",2,16,0.00623786960432878,0.661393134050832,-1.2481091340464,1.24053398124952,0.487996279968717,FALSE,"NONE"
"Risk_Score",0.637298547237253,0.672186447475848,0.948097882113506,0.35915901870368,"LIC","Diseases",3,16,0.00331515413996571,0.389474373150876,-0.752440059246904,0.736480735851535,1.62779231908974,FALSE,"NONE"
"Risk_Score",0.702020619745467,0.637652210099806,1.10094595239556,0.289489558602506,"LIC","Diseases",4,16,0.00583964112054575,0.369001624917428,-0.703238161225779,0.699865648228677,1.8866610107224,TRUE,"SIM"
"Risk_Score",0.88334529391676,0.622083151983087,1.4199794530696,0.177497996099383,"LIC","Diseases",5,16,0.00447443265659509,0.26682222803235,-0.510752168818487,0.525276422279613,3.29384424881427,TRUE,"SIM"
"Risk_Score",1.33022170436738,0.779277181531966,1.70699429662796,0.115857545637082,"LIC","Food",-5,13,0.380756619808259,0.692484752593848,-0.883389159550102,1.48170676769091,1.37109890290392,FALSE,"NONE"
"Risk_Score",1.45422847301311,0.749735678829869,1.93965488648315,0.0811273097332733,"LIC","Food",-4,12,0.0422477157918641,0.810286584785841,-1.33920147997148,1.44529487755444,1.74256958430879,TRUE,"SIM"
"Risk_Score",1.4658094103746,0.820368363689816,1.78676979178201,0.107619105319719,"LIC","Food",-3,11,0.0399813394896474,0.771134248102447,-1.28697805275705,1.40205797466267,1.84900109727137,TRUE,"SIM"
"Risk_Score",1.31896103354293,0.904010427624173,1.45901086230751,0.182679906881288,"LIC","Food",-2,10,0.0239622091707069,0.730894879847523,-1.28198574416865,1.3940673963842,1.77179900978699,FALSE,"NONE"
"Risk_Score",0.913786898426713,1.01609822126772,0.899309613283879,0.398366681394256,"LIC","Food",-1,9,0.019791116620224,0.680509183956677,-1.31896799072309,1.31007828517734,1.31371596869353,FALSE,"NONE"
"Risk_Score",2.20319437741877,0.639806132351023,3.44353432394113,0.0137413248329051,"LIC","Food",1,8,-0.0241283282350567,0.745028337538,-1.35352361244787,1.51800391765542,2.98958119232642,TRUE,"BOTH"
"Risk_Score",1.91702151988292,0.685751520649691,2.795504584615,0.0313491441482054,"LIC","Food",2,8,0.00656277152202161,0.849094582898337,-1.37988633357717,1.74842958139281,2.24999521471407,TRUE,"BOTH"
"Risk_Score",1.75680840618981,0.671967303822519,2.61442542843398,0.0398830799429002,"LIC","Food",3,8,0.0235972526671947,0.768933916724879,-1.24421908926475,1.53794333601372,2.2540443539087,TRUE,"BOTH"
"Risk_Score",1.47533310279602,0.616693847905053,2.39232661037209,0.0538551496083201,"LIC","Food",4,8,0.0213646493118291,0.718037267867103,-1.17239591721023,1.3715561045502,2.0249205975104,TRUE,"SIM"
"Risk_Score",1.4724402773845,0.589626654310723,2.49724171493874,0.0467022020568286,"LIC","Food",5,8,0.0380327436329433,0.612460257144273,-1.00825788430448,1.23499915540545,2.34204181743937,TRUE,"BOTH"
"Risk_Score",0.133949680092696,0.209592981606421,0.639094301087953,0.533079288438629,"LIC","Economic",-5,16,0.36197061054343,0.0581396578190364,0.245941739151668,0.470694245604874,-3.92195171083505,TRUE,"SIM"
"Risk_Score",-0.322434712875297,0.288797094441609,-1.1164749198697,0.28301501255722,"LIC","Economic",-4,16,-0.00422426225160477,0.121899797196069,-0.234179700716122,0.237665328612245,-2.61042641532756,TRUE,"SIM"
"Risk_Score",-0.356509846290165,0.279167736534812,-1.27704530156445,0.22236063416882,"LIC","Economic",-3,16,-0.00428385653273784,0.152561521114355,-0.292075255938576,0.298801380259432,-2.30874723314676,TRUE,"SIM"
"Risk_Score",-0.32248881998262,0.379168753968957,-0.850515282725597,0.409349682908799,"LIC","Economic",-2,16,0.00490237992341079,0.432105356045947,-0.820422196881925,0.833099980056772,-0.757665220588514,FALSE,"NONE"
"Risk_Score",-0.437716175462032,0.313310935122724,-1.39706638483773,0.185784882877986,"LIC","Economic",-1,15,0.0118519087071051,0.394245460300702,-0.777200549013539,0.73734301150412,-1.14032532886045,FALSE,"NONE"
"Risk_Score",-0.300697528188625,0.268207026833164,-1.12113963507627,0.284163437240546,"LIC","Economic",1,14,0.00393451069986919,0.389091132907005,-0.704792558624384,0.769183096429551,-0.782932359862601,FALSE,"NONE"
"Risk_Score",-0.264260525778951,0.322520224880158,-0.819361098601321,0.42855404769653,"LIC","Economic",2,14,-0.00848808678996793,0.421894536729137,-0.79126600539912,0.787439514995662,-0.606247336056862,FALSE,"NONE"
"Risk_Score",-0.252627074453843,0.238728736988075,-1.05821811668389,0.310793366275877,"LIC","Economic",3,14,-0.000782733772335352,0.148658737924243,-0.286891527634978,0.294844967520752,-1.6941105796946,FALSE,"NONE"
"Risk_Score",-0.228132165771974,0.2611421660812,-0.873593756211085,0.399484485006868,"LIC","Economic",4,14,4.1263521766199e-06,0.116398613862688,-0.228136708448914,0.217323816511103,-1.95995712108116,FALSE,"NONE"
"Risk_Score",-0.179432303557306,0.226116476146372,-0.793539270624197,0.442872488123431,"LIC","Economic",5,14,0.000519567953474011,0.0717393093030354,-0.142734808318244,0.133109063084154,-2.50841377285418,TRUE,"SIM"
"Risk_Score",-0.26877650974337,0.286490865269918,-0.938167817288489,0.364062482520562,"LIC","Tech",-5,16,0.195442815924153,0.0751311068116577,0.0471899290815433,0.34588211821674,-6.1787899229443,TRUE,"SIM"
"Risk_Score",-0.473632754943107,0.311021049245131,-1.52283183434898,0.150065342603119,"LIC","Tech",-4,16,0.00211355345198471,0.0950582236475693,-0.189375013933102,0.193801089159056,-5.00478854053631,TRUE,"SIM"
"Risk_Score",-0.468958491796102,0.318649935978732,-1.47170433396039,0.163220815326479,"LIC","Tech",-3,16,0.00315135521064232,0.11779436085498,-0.229481014942717,0.238433671957092,-4.00791551972485,TRUE,"SIM"
"Risk_Score",-0.500892903023635,0.333012555604142,-1.50412617961184,0.154770788715807,"LIC","Tech",-2,16,0.00254661176176822,0.166626487301969,-0.31299913933563,0.330525447753538,-3.02136546798256,TRUE,"SIM"
"Risk_Score",-0.720954954553975,0.347329973917027,-2.07570612585887,0.0568265008523404,"LIC","Tech",-1,16,0.00313568247112108,0.338843708442717,-0.658431492690311,0.655864156172399,-2.13694579236228,TRUE,"SIM"
"Risk_Score",-0.419477199506947,0.351776636053342,-1.19245326867967,0.252903545325192,"LIC","Tech",1,16,-0.00302619162342967,0.320447477667513,-0.60488967092905,0.627665369587771,-1.29959209201707,FALSE,"NONE"
"Risk_Score",-0.38095543104427,0.339163332654668,-1.12322115737716,0.280236433385015,"LIC","Tech",2,16,0.000153348041814998,0.168597915748516,-0.324536987495513,0.31831245759841,-2.2604596112241,TRUE,"SIM"
"Risk_Score",-0.352341458385024,0.328971362549856,-1.07103990953506,0.302268954347762,"LIC","Tech",3,16,-0.0319155888616364,0.117478348393693,-0.256598347987999,0.192682380157045,-2.72753127622784,TRUE,"SIM"
"Risk_Score",-0.375268441425508,0.333081586842203,-1.12665621952645,0.27882955576564,"LIC","Tech",4,16,-0.15795335972022,0.0914517736007107,-0.33489296674198,0.0216437973059492,-2.37628066847683,TRUE,"SIM"
"Risk_Score",-0.4159267471967,0.297800682612705,-1.39666149703767,0.184264127095869,"LIC","Tech",5,16,-0.197990572059049,0.0738832396962979,-0.336553592122145,-0.0514966573071932,-2.94973766761572,TRUE,"SIM"
"Risk_Score",0.785543420743039,0.402143385814946,1.95339137345534,0.0710553069348016,"LIC","Terror",-5,16,0.116275168625201,0.314327405483342,-0.478786946293593,0.70247875354384,2.12920744562092,TRUE,"SIM"
"Risk_Score",0.916700938246412,0.384715070963145,2.38280485334621,0.0319016163847167,"LIC","Terror",-4,16,-0.0190552907371532,0.398252893865114,-0.745298749659755,0.73536988849842,2.3496533067265,TRUE,"BOTH"
"Risk_Score",0.884975299932032,0.398309306265194,2.2218293321593,0.0432898073042519,"LIC","Terror",-3,16,-0.0203478535892361,0.40694213048646,-0.779509076867413,0.756469335066811,2.22469753239617,TRUE,"BOTH"
"Risk_Score",0.940825297441619,0.376545753296033,2.49856833918921,0.0255371955824533,"LIC","Terror",-2,16,-0.0280505650475922,0.457650220102896,-0.897510721511628,0.837583836245648,2.11706630944343,TRUE,"BOTH"
"Risk_Score",0.838531020058444,0.415244338662691,2.01936773601529,0.0630197405232849,"LIC","Terror",-1,16,-0.0235975158538943,0.391634689334927,-0.811834509045179,0.716175049437061,2.201358968932,TRUE,"SIM"
"Risk_Score",0.873077254645606,0.388385789828949,2.24796395107587,0.0425671340001181,"LIC","Terror",1,15,-0.0140378642582287,0.410984646732028,-0.834356371193624,0.793822516842442,2.15851157934436,TRUE,"BOTH"
"Risk_Score",1.01689579269719,0.288096439753695,3.52970621076252,0.00369739611473776,"LIC","Terror",2,15,-0.0153586602818168,0.468576036861777,-0.887286365131449,0.896938844287348,2.20296039868446,TRUE,"BOTH"
"Risk_Score",0.91371623325223,0.297312980298152,3.07324702855535,0.00889310457233396,"LIC","Terror",3,15,-0.0192526042925772,0.411104043477192,-0.778170250306822,0.780808675565859,2.2694226737679,TRUE,"BOTH"
"Risk_Score",0.704122766005873,0.270573297626083,2.60233649138183,0.0219086383771777,"LIC","Terror",4,15,-0.02042778450085,0.412654997174492,-0.758102460181036,0.769696471638909,1.75582642999073,FALSE,"REG"
"Risk_Score",0.677136628368734,0.247395854430985,2.73705729599294,0.01695181215722,"LIC","Terror",5,15,-0.0170322118564722,0.342965842727248,-0.631261543479694,0.65722363323167,2.02401742023407,TRUE,"BOTH"
"Risk_Score",-0.315249087953847,0.717411382920469,-0.439425823814668,0.668860757171846,"LIC","GeoConflict",-5,16,0.0948795459287846,0.174871708045042,-0.251120420149644,0.438101117811573,-2.34531153419623,TRUE,"SIM"
"Risk_Score",-0.163496175827689,0.753573361296512,-0.216961193461505,0.83221013085627,"LIC","GeoConflict",-4,16,-0.00142615278951148,0.251179952327368,-0.469752792136026,0.489537440834893,-0.645234707374054,FALSE,"NONE"
"Risk_Score",-0.103382305090965,0.766969200043523,-0.134793294287565,0.895210107330953,"LIC","GeoConflict",-3,16,-0.00257823483499644,0.392122955978022,-0.737693321055222,0.75228196607676,-0.257072606230221,FALSE,"NONE"
"Risk_Score",-0.0224419589508254,0.802343373656293,-0.0279705169727482,0.978186672585979,"LIC","GeoConflict",-2,16,-0.0239943118586658,0.794432906247151,-1.55356176255482,1.49190086413951,0.00195403903291676,FALSE,"NONE"
"Risk_Score",0.115422902349942,0.770783113498544,0.149747575327699,0.883674139705755,"LIC","GeoConflict",-1,16,-0.0217255364995886,0.709245888554246,-1.44412546805686,1.30265900875685,0.193372201464712,FALSE,"NONE"
"Risk_Score",-0.135769304471762,0.74800542556378,-0.181508448778204,0.859269854510478,"LIC","GeoConflict",1,16,-0.0173237980252467,0.692085346961848,-1.33205469801747,1.35851280715562,-0.17114291895714,FALSE,"NONE"
"Risk_Score",0.200848943830177,0.723505476358697,0.277605284815564,0.786463434211281,"LIC","GeoConflict",2,16,-0.00787299584968572,0.762289155878148,-1.43746133760435,1.45067512491114,0.273809404305925,FALSE,"NONE"
"Risk_Score",0.218013817345611,0.69424171807271,0.314031570950303,0.759372294082153,"LIC","GeoConflict",3,16,-0.00388249241774807,0.391734051546885,-0.745739637906686,0.775579663782177,0.566446314501207,FALSE,"NONE"
"Risk_Score",0.881979966974058,0.530795065547549,1.66162050897033,0.124792113730421,"LIC","GeoConflict",4,16,0.672296309586605,0.21197957849231,0.254050694094581,1.08436421859558,0.989169140154035,FALSE,"NONE"
"Risk_Score",0.841039637083914,0.474798040511335,1.77136290659109,0.104165954225415,"LIC","GeoConflict",5,16,0.564568893547545,0.136207674110746,0.289095282985446,0.828523703239101,2.0297736184202,TRUE,"SIM"
"Risk_Score",0.169411774278223,0.108353899390477,1.56350417687979,0.14025091476436,"LMC","Climate",-5,16,0.271154012704296,0.068227530493277,0.1283178992467,0.401188255333087,-1.49121971278292,FALSE,"NONE"
"Risk_Score",-0.144267587956545,0.0721240971012119,-2.00026889423786,0.0652559571595018,"LMC","Climate",-4,16,0.000313056504452669,0.0886031359687346,-0.183418052301522,0.173428193747553,-1.63177796000376,FALSE,"NONE"
"Risk_Score",-0.137962255496507,0.0985533237476553,-1.39987420261703,0.183319489016653,"LMC","Climate",-3,16,0.000554073778297718,0.112130624695923,-0.226808613427669,0.219332365153142,-1.23531220530016,FALSE,"NONE"
"Risk_Score",-0.319617645062803,0.130122664214951,-2.45627959580372,0.0277069700150604,"LMC","Climate",-2,16,-0.000330911685082058,0.159011990027563,-0.332994459406448,0.303990373707192,-2.00794124595495,FALSE,"REG"
"Risk_Score",-0.46195793028546,0.219297679743726,-2.10653359773487,0.0536800544688037,"LMC","Climate",-1,16,-0.00203758987864315,0.341015611490682,-0.683484509247455,0.64576537126266,-1.34867825668264,FALSE,"NONE"
"Risk_Score",-0.426613359799102,0.222546135902369,-1.91696592739879,0.0758809404343612,"LMC","Climate",1,16,-0.00582634069805784,0.340157644840885,-0.664211638852795,0.647158917819223,-1.23703531431103,FALSE,"NONE"
"Risk_Score",-0.26896815242211,0.124938720183251,-2.15280060518954,0.0492593350544301,"LMC","Climate",2,16,0.00084508032080453,0.159675142162381,-0.318967420067151,0.326162921499443,-1.68976353544455,FALSE,"REG"
"Risk_Score",-0.257521341847522,0.119619381773335,-2.15283959864879,0.0492557562594692,"LMC","Climate",3,16,-0.0437198310817376,0.113159683465781,-0.267490426920935,0.183579145840679,-1.88937883367655,FALSE,"REG"
"Risk_Score",-0.375124254268516,0.165242413227914,-2.27014509737955,0.0395219686810306,"LMC","Climate",4,16,-0.233642939134156,0.0864946015234031,-0.407630948055131,-0.0603115218055709,-1.63572422604986,FALSE,"REG"
"Risk_Score",-0.398346902766563,0.140065265828217,-2.84400918679665,0.0130026464088213,"LMC","Climate",5,16,-0.2904373945149,0.0699558729360748,-0.43027092763397,-0.148056303649974,-1.54253679816518,FALSE,"REG"
"Risk_Score",0.0515618395737715,0.060986750343781,0.845459698756182,0.41314519997354,"LMC","Geophysical",-5,16,0.0560523463991346,0.187339788417471,-0.311344958600622,0.404040929771294,-0.0239698510567136,FALSE,"NONE"
"Risk_Score",0.0715699454257157,0.0846072815776903,0.845907634557398,0.412904206717027,"LMC","Geophysical",-4,16,0.00732878470386211,0.222162001355295,-0.409368759878478,0.421602349863138,0.289163584816267,FALSE,"NONE"
"Risk_Score",0.135721467407084,0.112126082242971,1.21043618658666,0.247660172719622,"LMC","Geophysical",-3,16,0.0084613154284986,0.25650462491264,-0.477411369452054,0.480034453355112,0.496131997705411,FALSE,"NONE"
"Risk_Score",0.293108146228434,0.0780120981412942,3.75721398618918,0.00239438303305989,"LMC","Geophysical",-2,16,0.00825146851546149,0.28368697756655,-0.547022895012563,0.527856139936916,1.00412320705186,FALSE,"REG"
"Risk_Score",0.395980231583096,0.13144343533935,3.01255236186414,0.00999468288374707,"LMC","Geophysical",-1,16,0.00622469618948894,0.258665630840882,-0.505476035926944,0.485045708627332,1.5067928975588,FALSE,"REG"
"Risk_Score",0.39728382430032,0.129271861586722,3.07324284978911,0.00889317609325868,"LMC","Geophysical",1,16,0.00772210905709059,0.26182123197212,-0.521611919147982,0.499374266077985,1.48789199527069,FALSE,"REG"
"Risk_Score",0.316220477670992,0.0735598774336569,4.29881735401461,0.000865165872613362,"LMC","Geophysical",2,16,0.00853371332737224,0.288483297833002,-0.576935063737436,0.549049231820925,1.06656699592271,FALSE,"REG"
"Risk_Score",0.377137763842244,0.0506339126325321,7.44832354906609,4.84551848643537e-06,"LMC","Geophysical",3,16,-0.00608554176176725,0.25955836557344,-0.520805258606575,0.470397485877491,1.47644366906595,FALSE,"REG"
"Risk_Score",0.192017720292959,0.0958805380840975,2.00267670718054,0.0665206882273862,"LMC","Geophysical",4,16,-0.1135033729467,0.220104627868917,-0.537074877612677,0.3038809321799,1.38807210097196,FALSE,"NONE"
"Risk_Score",0.102605382335501,0.0893261271020391,1.14866037143078,0.271392902689024,"LMC","Geophysical",5,16,-0.160686008293532,0.185302184940704,-0.518221497417152,0.19460205740769,1.42087580194095,FALSE,"NONE"
"Risk_Score",0.52350232934437,0.193041520894076,2.71186388772611,0.0168602196340594,"LMC","Diseases",-5,16,0.512462668904298,0.20659405277789,0.103674497739232,0.896093522582461,0.0534364871187291,FALSE,"REG"
"Risk_Score",0.544999163447573,0.266617973138968,2.04412012075235,0.0602260789072299,"LMC","Diseases",-4,16,-0.0132082695700485,0.327926532960242,-0.646149065754948,0.618123375437815,1.70223320442722,FALSE,"NONE"
"Risk_Score",0.617050482158334,0.294881602056236,2.09253638699595,0.0550881888636758,"LMC","Diseases",-3,16,-0.0147286475455871,0.355838328397711,-0.702184229235896,0.688866034979874,1.77546677601801,FALSE,"NONE"
"Risk_Score",0.744024406286544,0.432721036407923,1.71940891171549,0.10756040081965,"LMC","Diseases",-2,16,-0.0167591067344311,0.650799682322354,-1.30479830344168,1.20269144506794,1.16899797846574,FALSE,"NONE"
"Risk_Score",0.784882188523806,0.523896518400346,1.49816263509509,0.156296837087073,"LMC","Diseases",-1,16,-0.0116238393873614,0.536135202084524,-1.07858144108515,0.989486869181366,1.4856439659517,FALSE,"NONE"
"Risk_Score",0.507332264373254,0.655516022577843,0.773943346766948,0.451836476092603,"LMC","Diseases",1,16,-0.00421440521022767,0.52929303282621,-1.06595526032315,1.01606846217546,0.966471572187583,FALSE,"NONE"
"Risk_Score",0.2368660359964,0.619028322366205,0.382641677994621,0.707731941678934,"LMC","Diseases",2,16,-0.00322609173637779,0.649511354921378,-1.28228892606197,1.28664887784422,0.369650393197268,FALSE,"NONE"
"Risk_Score",0.46708457212311,0.642705710627078,0.726747194555627,0.479357119527405,"LMC","Diseases",3,16,-0.00276483669945539,0.356586429519711,-0.683852939713984,0.727573627800273,1.31763121063078,FALSE,"NONE"
"Risk_Score",0.501674580668955,0.613741460782282,0.817403764819008,0.427390099230409,"LMC","Diseases",4,16,-0.00294886518837071,0.331565079667789,-0.669842633253348,0.656862853814275,1.52194388613823,FALSE,"NONE"
"Risk_Score",0.72823291628818,0.611223013031644,1.19143569656543,0.25328984957422,"LMC","Diseases",5,16,-0.00336032995787491,0.235197600668385,-0.474755415867573,0.458338570928642,3.11054723418526,TRUE,"SIM"
"Risk_Score",0.256188123904884,0.246955973078749,1.03738379238631,0.321823748888812,"LMC","Food",-5,13,0.37303141016446,0.605270883329568,-0.778441889876945,1.39010524977833,-0.193042965517895,FALSE,"NONE"
"Risk_Score",-0.141628932459094,0.207354748350911,-0.683027196557912,0.510103483946309,"LMC","Food",-4,12,-0.00713700838589827,0.738286450369639,-1.23505934122537,1.31608248399206,-0.18216767218992,FALSE,"NONE"
"Risk_Score",0.00264264613171348,0.2374690037138,0.0111283834537767,0.99136379553931,"LMC","Food",-3,11,-0.00948578138697393,0.713661846679057,-1.23158106510819,1.31487154134108,0.0169946418953538,FALSE,"NONE"
"Risk_Score",0.239943021013337,0.318566242802512,0.753196631578081,0.472912530432097,"LMC","Food",-2,10,-0.0108293419095137,0.707889744763027,-1.25637608889443,1.33969655722388,0.354253419798869,FALSE,"NONE"
"Risk_Score",-0.260843489216362,0.392166876556854,-0.665133913160934,0.527263795109613,"LMC","Food",-1,9,-0.0174084061928636,0.651346623068426,-1.23888426579725,1.2489614413385,-0.373741222264577,FALSE,"NONE"
"Risk_Score",-0.47298748980526,0.377325864313478,-1.25352522723517,0.256645869755317,"LMC","Food",1,8,-0.0152838251298535,0.765021707140926,-1.36169210562382,1.52731619913979,-0.598288467376903,FALSE,"NONE"
"Risk_Score",-0.506778274766823,0.322560558302358,-1.57111048366857,0.167213585076235,"LMC","Food",2,8,0.00424703327165333,0.843275737626547,-1.41174298379404,1.73907719804177,-0.606000250258342,FALSE,"NONE"
"Risk_Score",-0.306366981591119,0.272692922719628,-1.12348710239947,0.304162527202637,"LMC","Food",3,8,-0.00577592194182114,0.714865150702408,-1.21506726485108,1.42500213997898,-0.420486380338927,FALSE,"NONE"
"Risk_Score",-0.213712084448452,0.261915508064859,-0.815958115758194,0.445700678363652,"LMC","Food",4,8,0.00414270758515763,0.657061706512812,-1.11671446896336,1.30896853372235,-0.331559106053857,FALSE,"NONE"
"Risk_Score",-0.439105355369459,0.235227569115657,-1.86672572870725,0.111182332756339,"LMC","Food",5,8,0.00959730593568864,0.540750947367525,-0.938808804235147,1.12148560109006,-0.829776930562055,FALSE,"NONE"
"Risk_Score",0.160303180497487,0.179401855264631,0.893542490187899,0.386669475666,"LMC","Economic",-5,16,0.363973717570011,0.0625528760384897,0.241564769483157,0.481048345122024,-3.25597398506828,TRUE,"SIM"
"Risk_Score",-0.26627019709582,0.256062033994318,-1.03986597678018,0.316028563984397,"LMC","Economic",-4,16,-0.000350150764519926,0.13116847216659,-0.245986746036803,0.243651588938232,-2.02731679296812,TRUE,"SIM"
"Risk_Score",-0.232875137364497,0.248672576053025,-0.936472935861013,0.364904036763502,"LMC","Economic",-3,16,-0.0017835425278391,0.164782404379114,-0.31578632672548,0.315985644148583,-1.40240455713334,FALSE,"NONE"
"Risk_Score",-0.0956723042682682,0.35693566732564,-0.26803794920552,0.792578923292611,"LMC","Economic",-2,16,-0.00286776495972164,0.4328430090474,-0.838697509538142,0.783789234909748,-0.21440692668871,FALSE,"NONE"
"Risk_Score",-0.0971764346410762,0.311775786620725,-0.311686919931634,0.7602208292677,"LMC","Economic",-1,15,-0.00485155513484247,0.390763057572548,-0.773234526295061,0.700801291015534,-0.236268187887984,FALSE,"NONE"
"Risk_Score",-0.260908271062396,0.295689548535241,-0.882372313647399,0.394907556693615,"LMC","Economic",1,14,0.00142210996611189,0.40040892509045,-0.802658104994243,0.773103431128032,-0.655156178072827,FALSE,"NONE"
"Risk_Score",-0.277604457169558,0.330070438051907,-0.841046107636885,0.41676692775579,"LMC","Economic",2,14,0.0208400509196951,0.431698388832583,-0.806922385450074,0.811752003810749,-0.691326434866526,FALSE,"NONE"
"Risk_Score",-0.273959381200056,0.258099069600964,-1.06145047955273,0.309381374834526,"LMC","Economic",3,14,0.00706184726580353,0.159350968669254,-0.308319114431482,0.309387994529412,-1.76353636763352,FALSE,"NONE"
"Risk_Score",-0.243780328578589,0.273403328780099,-0.891650916125692,0.390108970316341,"LMC","Economic",4,14,0.00389373272342876,0.124653810324311,-0.238365866760166,0.241172115473157,-1.98689523134228,TRUE,"SIM"
"Risk_Score",-0.170587173611566,0.234024606467811,-0.728928364355692,0.480030773021785,"LMC","Economic",5,14,0.00152853558939026,0.0769896171941685,-0.145651058104557,0.151377976923795,-2.23557039862764,TRUE,"SIM"
"Risk_Score",-0.271727842345522,0.300461401782636,-0.904368550280875,0.381099257067889,"LMC","Tech",-5,16,0.195810825739854,0.0581965176507241,0.0753712842514163,0.305161244009078,-8.03379114350769,TRUE,"SIM"
"Risk_Score",-0.48451370936633,0.347087294378145,-1.39594193511002,0.184476248454088,"LMC","Tech",-4,16,0.000278431530559054,0.0732015857683281,-0.143786731611425,0.140196742645304,-6.62269998400285,TRUE,"SIM"
"Risk_Score",-0.486303959117733,0.365921681678428,-1.32898372374965,0.20510706949404,"LMC","Tech",-3,16,0.00112657586256937,0.0930630034390822,-0.182026192804237,0.175988379978026,-5.23764027559424,TRUE,"SIM"
"Risk_Score",-0.458760605231072,0.345094291862209,-1.32937755288705,0.204980479591003,"LMC","Tech",-2,16,0.00402270902246929,0.136111132973221,-0.265038956194539,0.272501157087735,-3.40004013003543,TRUE,"SIM"
"Risk_Score",-0.612403888064578,0.373523891925679,-1.63953070018458,0.123371266797152,"LMC","Tech",-1,16,0.0171861575298136,0.33836922536012,-0.652319676591472,0.664393136073092,-1.86065988987128,FALSE,"NONE"
"Risk_Score",-0.471909553388155,0.274317630911631,-1.72030340091474,0.107393892772043,"LMC","Tech",1,16,-0.00722252102995973,0.329048107864768,-0.645128233952243,0.603170134664008,-1.4122160901444,FALSE,"NONE"
"Risk_Score",-0.375263358158078,0.189361708515035,-1.98172777960694,0.067496046922705,"LMC","Tech",2,16,-0.00190674791094593,0.132681689301728,-0.273998532842837,0.24821328510779,-2.8139271681874,TRUE,"SIM"
"Risk_Score",-0.327961838162498,0.191312613616455,-1.71427190274029,0.108521045054127,"LMC","Tech",3,16,-0.0330954616408308,0.0900371049851496,-0.212041651387064,0.139527515371052,-3.27494288682762,TRUE,"SIM"
"Risk_Score",-0.307016851590673,0.206678805949841,-1.48547815621299,0.159584872863127,"LMC","Tech",4,16,-0.160421365602424,0.0681572959508155,-0.289807223086037,-0.0208779308400487,-2.15084069787682,TRUE,"SIM"
"Risk_Score",-0.333954668673134,0.21890465502276,-1.52557134355326,0.149386472471402,"LMC","Tech",5,16,-0.199649845183642,0.054427763865371,-0.30072227027727,-0.0886741318661529,-2.46757930055146,TRUE,"SIM"
"Risk_Score",0.950663574807575,0.336499067378078,2.82515961252114,0.0134948529945556,"LMC","Terror",-5,16,0.132817584720507,0.269009556680481,-0.395231721124413,0.624846090516527,3.04021165708426,TRUE,"BOTH"
"Risk_Score",1.01612919444037,0.310504887055662,3.27250628508857,0.00555816945666876,"LMC","Terror",-4,16,-0.00407447160883857,0.3624155824935,-0.675618837210618,0.68407351845926,2.81501048887021,TRUE,"BOTH"
"Risk_Score",1.01900860302756,0.3303936793365,3.08422547632855,0.0080816499082741,"LMC","Terror",-3,16,-0.00147736680441765,0.375102201701105,-0.706854547458533,0.704358980008176,2.72055446543377,TRUE,"BOTH"
"Risk_Score",0.95820873259155,0.351528558525727,2.72583467075954,0.0164047310566253,"LMC","Terror",-2,16,-0.000706952666056307,0.476968488593947,-0.912128810106771,0.910084379279271,2.01043823268994,TRUE,"BOTH"
"Risk_Score",0.899356701613723,0.37439155285848,2.40218213992045,0.0307401722956059,"LMC","Terror",-1,16,-0.00456000662625963,0.410513271269325,-0.806888388303424,0.770163660551222,2.20191835807167,TRUE,"BOTH"
"Risk_Score",0.892021225183101,0.351248744160996,2.53957128676378,0.0246744947346428,"LMC","Terror",1,15,0.00156904527977993,0.424589281102223,-0.805306969422373,0.845800011752048,2.09720833646985,TRUE,"BOTH"
"Risk_Score",0.695580219843663,0.372506216596341,1.86729828618515,0.0845681768069839,"LMC","Terror",2,15,0.00746049062484668,0.470943631176288,-0.879355438725482,0.887563570518093,1.46115093965722,FALSE,"NONE"
"Risk_Score",0.579067014856824,0.32752826617466,1.76799096340597,0.100508485222252,"LMC","Terror",3,15,0.00528687718375844,0.367839964978998,-0.671561906453616,0.70123298074833,1.55986350669054,FALSE,"NONE"
"Risk_Score",0.202920184694749,0.349648069927185,0.580355512149709,0.571598045623235,"LMC","Terror",4,15,0.00351426840097596,0.353527372257847,-0.650444368631411,0.668256036883378,0.564046611214972,FALSE,"NONE"
"Risk_Score",0.223948713266138,0.281060052477818,0.796800225758915,0.439877260677601,"LMC","Terror",5,15,0.00315102428503188,0.278305071169119,-0.50732349292639,0.539107226209692,0.793365669024884,FALSE,"NONE"
"Risk_Score",-0.526890653840473,0.691674985413409,-0.76176045823828,0.462223239756155,"LMC","GeoConflict",-5,16,0.0980036353002094,0.155124984799257,-0.208772869750888,0.387513606230594,-4.02832780257378,TRUE,"SIM"
"Risk_Score",-0.373446864631418,0.759498556752778,-0.491701875284771,0.632594618243306,"LMC","GeoConflict",-4,16,0.00448611454724181,0.225345892661301,-0.421564550347949,0.434757444629378,-1.67712388593078,FALSE,"NONE"
"Risk_Score",-0.284783308923841,0.775969747057309,-0.367003108051335,0.72057914055747,"LMC","GeoConflict",-3,16,0.0070261240315215,0.356521472417828,-0.661626857410271,0.686154992928488,-0.818490485233309,FALSE,"NONE"
"Risk_Score",-0.0944974704039313,0.824536053764845,-0.114606838563886,0.910821957152992,"LMC","GeoConflict",-2,16,0.00447391142015532,0.799817455470014,-1.57490907199016,1.53898285277459,-0.123742462917274,FALSE,"NONE"
"Risk_Score",0.0207098962587025,0.789129405767619,0.0262439798939658,0.97953279633685,"LMC","GeoConflict",-1,16,0.0122030529451185,0.710068941833298,-1.38033308224956,1.33008062298709,0.0119803061539639,FALSE,"NONE"
"Risk_Score",-0.253225187464956,0.790161597029661,-0.320472658272521,0.754615574117232,"LMC","GeoConflict",1,16,-0.00240421792928697,0.707711450222141,-1.35793575845155,1.3779214294807,-0.354411348660446,FALSE,"NONE"
"Risk_Score",0.11873625861657,0.795124078838328,0.149330477816799,0.883995527145402,"LMC","GeoConflict",2,16,-0.02276258784365,0.771098151346659,-1.49251893495239,1.47436924856938,0.18350302904125,FALSE,"NONE"
"Risk_Score",0.153115516330811,0.767830531424917,0.199413164838163,0.845577896107683,"LMC","GeoConflict",3,16,-0.00539324376390547,0.358742696352518,-0.712673908553878,0.70716508454366,0.44184526042297,FALSE,"NONE"
"Risk_Score",0.862119817949296,0.603903455949027,1.42757887781,0.181180830453361,"LMC","GeoConflict",4,16,0.674775121290969,0.188147542010043,0.32628444094654,1.03544844953849,0.995732894816808,FALSE,"NONE"
"Risk_Score",0.850531345984562,0.542313927494508,1.56833764147275,0.145100660075781,"LMC","GeoConflict",5,16,0.566370688905086,0.120910145631571,0.333591671814894,0.802619310913543,2.35018042195856,TRUE,"SIM"
"Risk_Score",0.254069095675407,0.0558451469787815,4.54952864161931,0.000454105806069075,"UMC","Climate",-5,16,0.270731002472759,0.073731802119539,0.12953768757785,0.41459705938512,-0.225979920717785,FALSE,"REG"
"Risk_Score",-0.00342414326994208,0.042213967390168,-0.0811139886069935,0.936499496171922,"UMC","Climate",-4,16,9.41016464302136e-06,0.0953198149328352,-0.183895461359219,0.180405432236846,-0.0360214026538394,FALSE,"NONE"
"Risk_Score",-0.0261473405123291,0.0569538731599942,-0.45909679292357,0.653211745394179,"UMC","Climate",-3,16,0.000510165601811498,0.119810048059742,-0.227189663704106,0.226133471652242,-0.222498083807195,FALSE,"NONE"
"Risk_Score",-0.00944774808377178,0.135506979987314,-0.0697214865585245,0.945401441544148,"UMC","Climate",-2,16,0.00102213779103524,0.168037748061612,-0.320757919928762,0.313118060514789,-0.0623067494987386,FALSE,"NONE"
"Risk_Score",-0.00827579466764433,0.215868188263475,-0.0383372591126926,0.969960102194717,"UMC","Climate",-1,16,0.00816073023830998,0.338603224857153,-0.640299428647467,0.635670624783901,-0.0485421392926438,FALSE,"NONE"
"Risk_Score",0.162033347566831,0.273481256345822,0.592484288436707,0.562974290759299,"UMC","Climate",1,16,-0.00463247922766795,0.341554571038099,-0.662705979409272,0.636064795350483,0.487962512953481,FALSE,"NONE"
"Risk_Score",0.290106428225295,0.161756221634506,1.79347925720471,0.0945183558100086,"UMC","Climate",2,16,-0.00234952423507126,0.173399817284907,-0.335406906356903,0.329910826648297,1.68659896555625,FALSE,"NONE"
"Risk_Score",0.192800172145775,0.109410576569331,1.76217124697813,0.0998496755587845,"UMC","Climate",3,16,-0.0455801740415242,0.122936616178106,-0.277400067749969,0.193778812140731,1.93905081820329,FALSE,"NONE"
"Risk_Score",-0.00473639989713953,0.138770392177063,-0.0341311991905027,0.973254386099399,"UMC","Climate",4,16,-0.235363892402508,0.0941320385908629,-0.419518598265689,-0.0505298082079437,2.45004247180678,TRUE,"SIM"
"Risk_Score",-0.0959492626310728,0.1220500902924,-0.78614659277354,0.444884782018139,"UMC","Climate",5,16,-0.291870606274183,0.0758999899623063,-0.437242754314874,-0.147226909370776,2.58130921677868,TRUE,"SIM"
"Risk_Score",-0.249419311401596,0.0437595406199119,-5.69976987574003,7.2957920700616e-05,"UMC","Geophysical",-5,16,0.054708824882136,0.121904418254096,-0.173796330118547,0.289342694388274,-2.49480815084003,TRUE,"BOTH"
"Risk_Score",-0.305441468347875,0.0520431279309748,-5.86900673520209,5.50996807271038e-05,"UMC","Geophysical",-4,16,0.000216859725502961,0.148969525810366,-0.287791281200169,0.29086497091179,-2.05181782254226,TRUE,"BOTH"
"Risk_Score",-0.294698616831557,0.0718943153604656,-4.0990531080794,0.00125536832781123,"UMC","Geophysical",-3,16,0.000833580780176485,0.182667092893082,-0.344225821180897,0.350883457652698,-1.61787321915017,FALSE,"REG"
"Risk_Score",-0.251377075373139,0.110439026983627,-2.27616162726975,0.0404051104805047,"UMC","Geophysical",-2,16,-0.000723219609749202,0.230090807073956,-0.44484628764066,0.448357964155123,-1.08936927533495,FALSE,"REG"
"Risk_Score",-0.214326409840963,0.129775461510481,-1.65151722325914,0.122569321039373,"UMC","Geophysical",-1,16,0.00168538766479612,0.263323603117659,-0.511101585791189,0.519130297989136,-0.820328276494228,FALSE,"NONE"
"Risk_Score",-0.210426480755956,0.157049773958329,-1.33987127426104,0.203238489124857,"UMC","Geophysical",1,16,-0.00601568897576023,0.263051704640449,-0.517026102119159,0.507326041662218,-0.777074575736332,FALSE,"NONE"
"Risk_Score",-0.130242984032111,0.146900534147735,-0.886606606216471,0.391397603607644,"UMC","Geophysical",2,16,-0.00778627519892244,0.231795150374958,-0.446935812968718,0.446261162311031,-0.528297113356768,FALSE,"NONE"
"Risk_Score",-0.0999705008858497,0.0997309299733357,-1.00240217265173,0.334443421562646,"UMC","Geophysical",3,16,-0.0207601502853815,0.184582626245218,-0.375709962576365,0.344495223276785,-0.42913221147497,FALSE,"NONE"
"Risk_Score",-0.162274679726838,0.0906297659322058,-1.79052299272432,0.0966727806722751,"UMC","Geophysical",4,16,-0.131512698028537,0.146465037448299,-0.418790951876373,0.154142316689843,-0.210029521271651,FALSE,"NONE"
"Risk_Score",-0.183031282096734,0.0705440588075278,-2.59456693009564,0.0222339726409489,"UMC","Geophysical",5,16,-0.17576703909806,0.119155427156403,-0.406778232847199,0.0552144394218575,-0.0609644325234004,FALSE,"REG"
"Risk_Score",0.398167754686279,0.169766079806999,2.34539052288267,0.034263069284933,"UMC","Diseases",-5,16,0.51744188090697,0.208513757855249,0.0934564305163663,0.902645096454543,-0.572020414612122,FALSE,"REG"
"Risk_Score",0.449470459647632,0.223992192906259,2.00663448942498,0.0645026901599613,"UMC","Diseases",-4,16,-0.00308196018514009,0.331974582205803,-0.641946909713904,0.631554806676713,1.36321406544378,FALSE,"NONE"
"Risk_Score",0.525595512353092,0.256689447357388,2.04759298741762,0.0598433460820675,"UMC","Diseases",-3,16,-0.00164018983368575,0.359475575677105,-0.681364627260622,0.663974565069404,1.46668018040915,FALSE,"NONE"
"Risk_Score",0.777738661429316,0.402385750868542,1.93281859447205,0.0737454105106447,"UMC","Diseases",-2,16,0.0005875857395836,0.656150432257828,-1.27062671747536,1.1987211004468,1.18440991193977,FALSE,"NONE"
"Risk_Score",0.79656215823302,0.505189205055416,1.57676005397946,0.137172768368504,"UMC","Diseases",-1,16,-0.00205002837423426,0.541291110616258,-1.07906432974558,1.01246692796919,1.47538389407141,FALSE,"NONE"
"Risk_Score",0.549308542727025,0.617828487809173,0.889095523378793,0.388973432790497,"UMC","Diseases",1,16,0.00639611953254578,0.535869669821978,-1.07052543589459,1.01559379138254,1.0131426609288,FALSE,"NONE"
"Risk_Score",0.338146030773583,0.60904978278374,0.555202612876806,0.587518244898698,"UMC","Diseases",2,16,0.00206157041449357,0.651560044570882,-1.25861376202284,1.21142524835863,0.515815024508502,FALSE,"NONE"
"Risk_Score",0.560676788351609,0.635294134174323,0.88254677351981,0.392383168195099,"UMC","Diseases",3,16,-0.000592544604052866,0.360587091817816,-0.706152455970683,0.687374741174139,1.55654305351352,FALSE,"NONE"
"Risk_Score",0.643003209743552,0.605639346874788,1.06169325533681,0.306347262380658,"UMC","Diseases",4,16,-0.00132642336747693,0.338167140244898,-0.707444774807059,0.628896663790536,1.90535849415886,TRUE,"SIM"
"Risk_Score",0.904745354078066,0.621330495952037,1.45614187613915,0.167412019162566,"UMC","Diseases",5,16,-0.00120363744310576,0.241296666030749,-0.497646454008196,0.466950547386184,3.75450273069966,TRUE,"SIM"
"Risk_Score",-0.527503393787572,0.312770409919525,-1.68655146733125,0.119809723944886,"UMC","Food",-5,13,0.424394838348813,0.557247714980758,-0.641807611265718,1.36015317362937,-1.70821379172323,FALSE,"NONE"
"Risk_Score",-0.660988877591725,0.331204478133339,-1.99571238081394,0.0739141441396949,"UMC","Food",-4,12,0.0342582221665691,0.704774643545479,-1.20935731871353,1.31739546120595,-0.986481432221717,FALSE,"NONE"
"Risk_Score",-0.805087236546851,0.357991784690154,-2.24889863672057,0.051095118064408,"UMC","Food",-3,11,0.028127725802803,0.68900560589946,-1.18098950028912,1.28822817864078,-1.20930070120683,FALSE,"NONE"
"Risk_Score",-0.93192010004833,0.414099666287196,-2.2504729559526,0.0545270478981568,"UMC","Food",-2,10,0.0315635474721853,0.719339993188908,-1.25914885846828,1.36616594183676,-1.33939952823879,FALSE,"NONE"
"Risk_Score",-1.51632906260102,0.391034467631494,-3.87773761168796,0.00607069552139896,"UMC","Food",-1,9,0.0256356863872857,0.647934042099225,-1.23087414465483,1.28756422430381,-2.37981746412418,TRUE,"BOTH"
"Risk_Score",-0.590941669263733,0.669455088747363,-0.882720408279308,0.411354418452427,"UMC","Food",1,8,0.0137899964528753,0.765659052405456,-1.31247185686295,1.57081284016457,-0.789818475752014,FALSE,"NONE"
"Risk_Score",-0.258610074591557,0.593563775819029,-0.435690460110564,0.678299064244703,"UMC","Food",2,8,0.0133824334837013,0.838961085701549,-1.46284175849018,1.65571345470106,-0.324201578250575,FALSE,"NONE"
"Risk_Score",-0.540190129917574,0.463701303202635,-1.16495279652366,0.28825474753536,"UMC","Food",3,8,0.0308837565128525,0.685889911946269,-1.12337282913348,1.39666896711104,-0.832602836816709,FALSE,"NONE"
"Risk_Score",-0.547918792227978,0.347806205098453,-1.57535657557599,0.166243199245528,"UMC","Food",4,8,0.0387395389638028,0.614194300778856,-1.05235851742114,1.2621589156449,-0.955167331327958,FALSE,"NONE"
"Risk_Score",-0.386977658990133,0.280624504810547,-1.37898740971102,0.217099753440309,"UMC","Food",5,8,0.0440707153443166,0.487419246615165,-0.814839823764207,1.01576152122623,-0.884348284003601,FALSE,"NONE"
"Risk_Score",0.0687137743999663,0.218700298817507,0.314191497549366,0.758008729634887,"UMC","Economic",-5,16,0.354465779062236,0.0815491119360322,0.191792076920103,0.5040579344314,-3.50404802551885,TRUE,"SIM"
"Risk_Score",-0.346068021932903,0.273654637483532,-1.26461595942707,0.226656341665012,"UMC","Economic",-4,16,-0.00586886386600332,0.166746658955826,-0.316177455651847,0.317622183063295,-2.04021573923724,TRUE,"SIM"
"Risk_Score",-0.275550233948223,0.261486038270448,-1.05378564672439,0.309829147354044,"UMC","Economic",-3,16,-0.00429892504693566,0.206416529508588,-0.400825583015847,0.400059899240607,-1.31409683879024,FALSE,"NONE"
"Risk_Score",-0.0948301579997764,0.278161427528575,-0.34091771401351,0.73822766243659,"UMC","Economic",-2,16,-0.00891782722401596,0.429514663207717,-0.821993281767232,0.797409749632585,-0.200021880822757,FALSE,"NONE"
"Risk_Score",-0.0784740063589729,0.249016460558328,-0.315135819467612,0.757659928710224,"UMC","Economic",-1,15,-0.00768781048694079,0.392879485053792,-0.757829552814034,0.735765953962259,-0.180172797422447,FALSE,"NONE"
"Risk_Score",-0.252745455556617,0.240372053085325,-1.05147604437567,0.313753934346249,"UMC","Economic",1,14,-0.011342285213664,0.39562107509702,-0.779625888392353,0.737134025818476,-0.610187842707197,FALSE,"NONE"
"Risk_Score",-0.245192553650977,0.258651073681514,-0.947966502365619,0.361846727709476,"UMC","Economic",2,14,-0.015014512622533,0.422641552281589,-0.820450766307811,0.777878958680731,-0.544617631148312,FALSE,"NONE"
"Risk_Score",-0.17840687387033,0.255685913355192,-0.697757930928686,0.498626003152034,"UMC","Economic",3,14,-0.00829708120764097,0.203314481190555,-0.40098738739261,0.378495272934485,-0.836683111141772,FALSE,"NONE"
"Risk_Score",-0.11493638128284,0.267610671891431,-0.429491023173655,0.675176493284386,"UMC","Economic",4,14,-0.00472613472275965,0.16387757616643,-0.330718788188301,0.30049267676717,-0.672515722640135,FALSE,"NONE"
"Risk_Score",-0.093005411211287,0.269446165221142,-0.345172517615735,0.735939558980793,"UMC","Economic",5,14,-0.00258244279992888,0.105868366834668,-0.219543406989069,0.19898083038624,-0.854107521584515,FALSE,"NONE"
"Risk_Score",-0.253649021776489,0.286014269853917,-0.886840442982239,0.39014531925023,"UMC","Tech",-5,16,0.196681596000277,0.0683256332702448,0.0558093328174177,0.325990301312076,-6.59094685585418,TRUE,"SIM"
"Risk_Score",-0.462012758694494,0.332577706511183,-1.38918739785993,0.186477223754042,"UMC","Tech",-4,16,0.00280732909624137,0.0856423734023651,-0.161638036285056,0.162992994117783,-5.42745453359771,TRUE,"SIM"
"Risk_Score",-0.443552037117276,0.339331350216655,-1.30713544986067,0.212229089881488,"UMC","Tech",-3,16,0.00304908549915086,0.107521464281687,-0.199610305016966,0.201028293812202,-4.15359970774217,TRUE,"SIM"
"Risk_Score",-0.510030524856924,0.313188849270497,-1.62850793074187,0.125704322039033,"UMC","Tech",-2,16,0.00480064298968783,0.153819621503519,-0.297101362986686,0.295871122657765,-3.34697981190153,TRUE,"SIM"
"Risk_Score",-0.497698645993333,0.317621768490986,-1.5669538280008,0.139444247650332,"UMC","Tech",-1,16,0.000588703577253367,0.325903421255599,-0.639281631063596,0.63916053617441,-1.52894175719558,FALSE,"NONE"
"Risk_Score",-0.414046005239221,0.281313762468498,-1.47182989415808,0.163187360061482,"UMC","Tech",1,16,0.0148335833595613,0.334875572861744,-0.636580168511936,0.669748653448889,-1.28071326592653,FALSE,"NONE"
"Risk_Score",-0.407388019141882,0.241040719390463,-1.690121155347,0.11313886429845,"UMC","Tech",2,16,0.0013599057041063,0.15324292159601,-0.300989973789039,0.301295806868753,-2.66732009928367,TRUE,"SIM"
"Risk_Score",-0.385724430288136,0.242782378796291,-1.58876617075979,0.1344348907926,"UMC","Tech",3,16,-0.032641833130872,0.105875553598512,-0.238372100541018,0.170678590323688,-3.33488312605363,TRUE,"SIM"
"Risk_Score",-0.399150366643029,0.260681698245826,-1.53117909438592,0.148004937313084,"UMC","Tech",4,16,-0.160740806214073,0.0817093745879325,-0.316577777783842,-0.00385890855857827,-2.91777487750061,TRUE,"SIM"
"Risk_Score",-0.427895677242204,0.273186420922249,-1.56631385922358,0.13959359812343,"UMC","Tech",5,16,-0.199704928024312,0.0651879672973525,-0.325982482696234,-0.0767661246067756,-3.50050413716704,TRUE,"SIM"
"Risk_Score",0.901845233951922,0.309602932326816,2.9129092130172,0.0113487560885651,"UMC","Terror",-5,16,0.118887999944014,0.347189282080104,-0.529980402724549,0.742843532773884,2.25513077280785,TRUE,"BOTH"
"Risk_Score",0.945516152955139,0.290753131295646,3.25195518528642,0.00579013677559634,"UMC","Terror",-4,16,-0.00428835296200797,0.422255252957944,-0.783421934864593,0.769420891390867,2.24936101863426,TRUE,"BOTH"
"Risk_Score",0.962136981859583,0.314280145358057,3.06139918817788,0.00845631034241003,"UMC","Terror",-3,16,-0.0062156461869736,0.428982863822417,-0.802103768045187,0.801204405035456,2.25732240075543,TRUE,"BOTH"
"Risk_Score",0.902001353530204,0.364612536764304,2.47386269691896,0.0267842028943396,"UMC","Terror",-2,16,-0.00953396859130234,0.462775884417369,-0.880841160843522,0.862717338828753,1.96971223612726,TRUE,"BOTH"
"Risk_Score",0.858590281330735,0.385312542941968,2.22829569672236,0.0427667015183113,"UMC","Terror",-1,16,-0.0114943318085244,0.402021159270599,-0.797045485773926,0.740908680425109,2.16427566827051,TRUE,"BOTH"
"Risk_Score",0.74740577718714,0.396970209196279,1.88277548257429,0.0823003469436508,"UMC","Terror",1,15,-0.00610568947639763,0.401245822528897,-0.829220701850296,0.768647470582057,1.87792974868734,FALSE,"NONE"
"Risk_Score",0.551996605572983,0.429439361636229,1.2853889393599,0.221083894599209,"UMC","Terror",2,15,0.00656476258543949,0.452491196148001,-0.883880838741975,0.826284089886726,1.20539769089594,FALSE,"NONE"
"Risk_Score",0.475905644656528,0.381063413994467,1.24888831406795,0.233727575422945,"UMC","Terror",3,15,0.00351651777828957,0.420231711620777,-0.793768158483154,0.775368861993497,1.12411584803131,FALSE,"NONE"
"Risk_Score",0.100399649663637,0.403464449131708,0.248843856948751,0.80736969152342,"UMC","Terror",4,15,0.00372985535308597,0.430056544501551,-0.761212840725841,0.79282979234831,0.224783916316387,FALSE,"NONE"
"Risk_Score",0.132552192529172,0.328590049197568,0.403396855300001,0.693212740389363,"UMC","Terror",5,15,0.00315834281896216,0.367442524985371,-0.655835349430219,0.685299806189091,0.352147181971823,FALSE,"NONE"
"Risk_Score",-0.345081321663997,0.571586016572479,-0.6037259688984,0.558270332431069,"UMC","GeoConflict",-5,16,0.0961118553734487,0.185817437343708,-0.267039234902612,0.444843921830243,-2.37433678638764,TRUE,"SIM"
"Risk_Score",-0.279696403212253,0.603564533440531,-0.463407618764286,0.652106470782611,"UMC","GeoConflict",-4,16,0.00635314942127022,0.261774505185841,-0.496619459560642,0.51922832297526,-1.09273266481947,FALSE,"NONE"
"Risk_Score",-0.251974751265715,0.624917108886921,-0.403213078474556,0.694518031938266,"UMC","GeoConflict",-3,16,0.00803223523847914,0.402807973665716,-0.745876159323538,0.776102451727922,-0.645486195662971,FALSE,"NONE"
"Risk_Score",-0.169033547393008,0.664577524548183,-0.254347372803386,0.80391923028083,"UMC","GeoConflict",-2,16,0.0177957488572266,0.787693426613293,-1.5020772695693,1.54825355836221,-0.237185293082249,FALSE,"NONE"
"Risk_Score",-0.0560089032446251,0.656268578240257,-0.085344484105592,0.933521083313822,"UMC","GeoConflict",-1,16,0.00377753648195973,0.703108351585933,-1.36622704344966,1.43372259475764,-0.0850316165235848,FALSE,"NONE"
"Risk_Score",-0.486736509677303,0.64360203578259,-0.756269375508507,0.465376230412001,"UMC","GeoConflict",1,16,0.0104022302786174,0.694346656544024,-1.30728643384193,1.36447127672442,-0.715980606042422,FALSE,"NONE"
"Risk_Score",-0.0317633091408767,0.656974015442177,-0.0483478926019599,0.962305654104493,"UMC","GeoConflict",2,16,0.012273241466035,0.784699712731078,-1.48491883232044,1.46634659870185,-0.056118983978784,FALSE,"NONE"
"Risk_Score",0.0140266351867155,0.615378395629415,0.0227935125547736,0.982223206386526,"UMC","GeoConflict",3,16,0.00586808329306162,0.412687282681429,-0.786835274822444,0.792642738862153,0.0197693319761245,FALSE,"NONE"
"Risk_Score",0.794750625172385,0.451361522709314,1.7607850585089,0.106011026613138,"UMC","GeoConflict",4,16,0.672068742021546,0.226281352696461,0.235128423817066,1.09794892088365,0.542165236723717,FALSE,"NONE"
"Risk_Score",0.769467127684189,0.389099100621611,1.97756079737763,0.0735753911171414,"UMC","GeoConflict",5,16,0.568071114744618,0.146921324423693,0.281996587396305,0.849271657015087,1.37077455386111,FALSE,"NONE"
