"Region","Risk_Type","Year","Shock_Value"
"HIC","Geophysical",2001,1.96472386358487
"HIC","Geophysical",2002,2.45590482948109
"HIC","Geophysical",2003,4.42062869306596
"HIC","Geophysical",2004,1.96472386358487
"HIC","Geophysical",2005,1.47354289768865
"HIC","Geophysical",2006,0.982361931792435
"HIC","Geophysical",2007,3.43826676127352
"HIC","Geophysical",2008,2.45590482948109
"HIC","Geophysical",2009,0.982361931792435
"HIC","Geophysical",2010,2.45590482948109
"HIC","Geophysical",2011,2.94708579537731
"HIC","Geophysical",2012,1.47354289768865
"HIC","Geophysical",2013,2.45590482948109
"HIC","Geophysical",2014,2.94708579537731
"HIC","Geophysical",2015,1.47354289768865
"HIC","Geophysical",2016,4.91180965896218
"HIC","Geophysical",2017,2.94708579537731
"HIC","Geophysical",2018,2.45590482948109
"HIC","Geophysical",2019,2.45590482948109
"HIC","Geophysical",2020,2.45590482948109
"HIC","Geophysical",2021,1.96472386358487
"HIC","Geophysical",2022,1.47354289768865
"HIC","Geophysical",2023,1.47354289768865
"HIC","Geophysical",2024,0.982361931792435
"HIC","Climate",2001,4.6677273428596
"HIC","Climate",2002,6.08834001242557
"HIC","Climate",2003,4.92140817671067
"HIC","Climate",2004,5.12435284379152
"HIC","Climate",2005,5.88539534534472
"HIC","Climate",2006,5.0228805102511
"HIC","Climate",2007,4.61699117608939
"HIC","Climate",2008,3.75447634099577
"HIC","Climate",2009,3.70374017422556
"HIC","Climate",2010,4.61699117608939
"HIC","Climate",2011,3.14564233975321
"HIC","Climate",2012,4.51551884254896
"HIC","Climate",2013,4.71846350962982
"HIC","Climate",2014,3.95742100807662
"HIC","Climate",2015,4.51551884254896
"HIC","Climate",2016,3.5007955071447
"HIC","Climate",2017,4.6677273428596
"HIC","Climate",2018,4.51551884254896
"HIC","Climate",2019,4.71846350962982
"HIC","Climate",2020,4.2618380086979
"HIC","Climate",2021,5.98686767888514
"HIC","Climate",2022,6.08834001242557
"HIC","Climate",2023,5.27656134410216
"HIC","Climate",2024,1.67429350341703
"HIC","Diseases",2001,0.401052546060814
"HIC","Diseases",2002,0.145837289476659
"HIC","Diseases",2003,1.53129153950492
"HIC","Diseases",2004,1.09377967107495
"HIC","Diseases",2005,0.0364593223691649
"HIC","Diseases",2006,0.328133901322484
"HIC","Diseases",2007,0.0729186447383297
"HIC","Diseases",2008,0.0364593223691649
"HIC","Diseases",2009,2.58861188821071
"HIC","Diseases",2010,0.364593223691649
"HIC","Diseases",2011,0.729186447383297
"HIC","Diseases",2012,0.145837289476659
"HIC","Diseases",2013,0.401052546060814
"HIC","Diseases",2014,0.510430513168308
"HIC","Diseases",2015,0.729186447383297
"HIC","Diseases",2016,0.729186447383297
"HIC","Diseases",2017,0.947942381598287
"HIC","Diseases",2018,0.364593223691649
"HIC","Diseases",2019,0.802105092121627
"HIC","Diseases",2020,2.91674578953319
"HIC","Diseases",2021,2.98966443427152
"HIC","Diseases",2022,2.98966443427152
"HIC","Food",2001,1.83656553734763
"HIC","Food",2002,0.918282768673813
"HIC","Food",2003,1.37742415301072
"HIC","Food",2004,0
"HIC","Food",2005,0.918282768673813
"HIC","Food",2006,1.37742415301072
"HIC","Food",2007,3.67313107469525
"HIC","Food",2008,0.459141384336906
"HIC","Food",2009,0
"HIC","Food",2010,0.459141384336906
"HIC","Food",2011,0.459141384336906
"HIC","Food",2012,0
"HIC","Food",2013,0.918282768673813
"HIC","Economic",2001,0.795986225781839
"HIC","Economic",2002,0.928650596745479
"HIC","Economic",2003,0.795986225781839
"HIC","Economic",2004,0.53065748385456
"HIC","Economic",2005,0.53065748385456
"HIC","Economic",2006,0.39799311289092
"HIC","Economic",2007,0.795986225781839
"HIC","Economic",2008,3.58193801601828
"HIC","Economic",2009,3.05128053216372
"HIC","Economic",2010,2.12262993541824
"HIC","Economic",2011,2.38795867734552
"HIC","Economic",2012,2.12262993541824
"HIC","Economic",2013,0.928650596745479
"HIC","Economic",2014,0.39799311289092
"HIC","Economic",2015,0.53065748385456
"HIC","Economic",2016,0.39799311289092
"HIC","Economic",2017,0.26532874192728
"HIC","Economic",2018,0.53065748385456
"HIC","Economic",2019,0.39799311289092
"HIC","GeoConflict",2001,0.732854557668037
"HIC","GeoConflict",2002,1.09928183650206
"HIC","GeoConflict",2003,1.89320760730909
"HIC","GeoConflict",2004,2.56499095183813
"HIC","GeoConflict",2005,2.93141823067215
"HIC","GeoConflict",2006,2.80927580439414
"HIC","GeoConflict",2007,2.68713337811613
"HIC","GeoConflict",2008,2.62606216497713
"HIC","GeoConflict",2009,2.56499095183813
"HIC","GeoConflict",2010,2.44284852556012
"HIC","GeoConflict",2011,2.13749245986511
"HIC","GeoConflict",2012,2.13749245986511
"HIC","GeoConflict",2013,2.56499095183813
"HIC","GeoConflict",2014,3.35891672264517
"HIC","GeoConflict",2015,3.66427278834018
"HIC","GeoConflict",2016,2.44284852556012
"HIC","GeoConflict",2017,3.84748642775719
"HIC","GeoConflict",2018,4.21391370659121
"HIC","GeoConflict",2019,4.27498491973021
"HIC","GeoConflict",2020,4.21391370659121
"HIC","GeoConflict",2021,4.33605613286922
"HIC","GeoConflict",2022,4.09177128031321
"HIC","GeoConflict",2023,3.60320157520118
"HIC","Terror",2001,2.14963909982043
"HIC","Terror",2002,1.29544040489179
"HIC","Terror",2003,1.19361539490029
"HIC","Terror",2004,0.605293114949437
"HIC","Terror",2005,0.916425089923447
"HIC","Terror",2006,1.0917903849088
"HIC","Terror",2007,0.825913969931007
"HIC","Terror",2008,1.90073351984122
"HIC","Terror",2009,1.41989319488139
"HIC","Terror",2010,1.01825009991494
"HIC","Terror",2011,0.944709814921084
"HIC","Terror",2012,1.75365294985351
"HIC","Terror",2013,2.21186549481523
"HIC","Terror",2014,3.59781701969946
"HIC","Terror",2015,3.37719616471789
"HIC","Terror",2016,3.25274337472828
"HIC","Terror",2017,2.93595445475475
"HIC","Terror",2018,2.95858223475285
"HIC","Terror",2019,2.370259954802
"HIC","Terror",2020,3.43376561471316
"HIC","Tech",2001,4.49557469623285
"HIC","Tech",2002,4.26503240411834
"HIC","Tech",2003,4.03449011200384
"HIC","Tech",2004,3.11232094354582
"HIC","Tech",2005,3.34286323566032
"HIC","Tech",2006,2.88177865143131
"HIC","Tech",2007,3.34286323566032
"HIC","Tech",2008,3.57340552777483
"HIC","Tech",2009,2.65123635931681
"HIC","Tech",2010,2.76650750537406
"HIC","Tech",2011,2.4206940672023
"HIC","Tech",2012,2.65123635931681
"HIC","Tech",2013,2.76650750537406
"HIC","Tech",2014,3.11232094354582
"HIC","Tech",2015,3.80394781988933
"HIC","Tech",2016,2.4206940672023
"HIC","Tech",2017,2.07488062903054
"HIC","Tech",2018,1.95960948297329
"HIC","Tech",2019,1.61379604480153
"HIC","Tech",2020,0.806898022400767
"HIC","Tech",2021,1.95960948297329
"HIC","Tech",2022,1.61379604480153
"HIC","Tech",2023,2.1901517750878
"HIC","Tech",2024,0.576355730286262
"UMC","Geophysical",2001,2.84394862144101
"UMC","Geophysical",2002,3.79193149525467
"UMC","Geophysical",2003,5.49830066811928
"UMC","Geophysical",2004,5.30870409335654
"UMC","Geophysical",2005,3.03354519620374
"UMC","Geophysical",2006,4.36072121954288
"UMC","Geophysical",2007,2.46475547191554
"UMC","Geophysical",2008,3.79193149525467
"UMC","Geophysical",2009,2.84394862144101
"UMC","Geophysical",2010,3.79193149525467
"UMC","Geophysical",2011,3.60233492049194
"UMC","Geophysical",2012,3.60233492049194
"UMC","Geophysical",2013,3.98152807001741
"UMC","Geophysical",2014,3.79193149525467
"UMC","Geophysical",2015,2.2751588971528
"UMC","Geophysical",2016,2.08556232239007
"UMC","Geophysical",2017,2.65435204667827
"UMC","Geophysical",2018,2.84394862144101
"UMC","Geophysical",2019,3.41273834572921
"UMC","Geophysical",2020,2.2751588971528
"UMC","Geophysical",2021,4.17112464478014
"UMC","Geophysical",2022,4.55031779430561
"UMC","Geophysical",2023,3.22314177096647
"UMC","Geophysical",2024,1.32717602333914
"UMC","Climate",2001,7.41303532310095
"UMC","Climate",2002,7.10415885130508
"UMC","Climate",2003,5.37445060924819
"UMC","Climate",2004,6.67173179079085
"UMC","Climate",2005,7.22770944002342
"UMC","Climate",2006,5.68332708104406
"UMC","Climate",2007,6.67173179079085
"UMC","Climate",2008,5.93042825848076
"UMC","Climate",2009,6.05397884719911
"UMC","Climate",2010,6.67173179079085
"UMC","Climate",2011,5.31267531488901
"UMC","Climate",2012,6.17752943591746
"UMC","Climate",2013,5.99220355283993
"UMC","Climate",2014,6.48640590771333
"UMC","Climate",2015,7.0423835569459
"UMC","Climate",2016,5.99220355283993
"UMC","Climate",2017,6.11575414155828
"UMC","Climate",2018,4.69492237129727
"UMC","Climate",2019,6.36285531899498
"UMC","Climate",2020,7.10415885130508
"UMC","Climate",2021,8.40144003284774
"UMC","Climate",2022,7.66013650053765
"UMC","Climate",2023,7.22770944002342
"UMC","Climate",2024,3.76829295590965
"UMC","Diseases",2001,0.276362552707367
"UMC","Diseases",2002,0.16581753162442
"UMC","Diseases",2003,0.718542637039154
"UMC","Diseases",2004,0.66327012649768
"UMC","Diseases",2005,0.442180084331787
"UMC","Diseases",2006,0.607997615956207
"UMC","Diseases",2007,0.221090042165893
"UMC","Diseases",2008,0.49745259487326
"UMC","Diseases",2009,2.87417054815661
"UMC","Diseases",2010,1.10545021082947
"UMC","Diseases",2011,0.49745259487326
"UMC","Diseases",2012,0.110545021082947
"UMC","Diseases",2013,0.16581753162442
"UMC","Diseases",2014,0.49745259487326
"UMC","Diseases",2015,1.10545021082947
"UMC","Diseases",2016,0.939632679205047
"UMC","Diseases",2017,0.221090042165893
"UMC","Diseases",2018,0.33163506324884
"UMC","Diseases",2019,1.27126774245389
"UMC","Diseases",2020,2.98471556923956
"UMC","Diseases",2021,3.03998807978103
"UMC","Diseases",2022,2.87417054815661
"UMC","Food",2001,0.963624111659432
"UMC","Food",2002,0.481812055829716
"UMC","Food",2003,3.37268439080801
"UMC","Food",2004,0.963624111659432
"UMC","Food",2005,1.92724822331886
"UMC","Food",2006,1.92724822331886
"UMC","Food",2007,0.963624111659432
"UMC","Food",2008,1.44543616748915
"UMC","Food",2009,2.89087233497829
"UMC","Food",2010,1.44543616748915
"UMC","Food",2011,0
"UMC","Food",2012,0
"UMC","Food",2013,1.44543616748915
"UMC","Economic",2001,4.26126051627437
"UMC","Economic",2002,4.26126051627437
"UMC","Economic",2003,2.95010343434379
"UMC","Economic",2004,2.62231416386115
"UMC","Economic",2005,2.13063025813718
"UMC","Economic",2006,1.96673562289586
"UMC","Economic",2007,1.63894635241322
"UMC","Economic",2008,2.45841952861983
"UMC","Economic",2009,1.63894635241322
"UMC","Economic",2010,1.14726244668925
"UMC","Economic",2011,1.4750517171719
"UMC","Economic",2012,1.31115708193058
"UMC","Economic",2013,1.96673562289586
"UMC","Economic",2014,1.4750517171719
"UMC","Economic",2015,2.45841952861983
"UMC","Economic",2016,1.80284098765454
"UMC","Economic",2017,1.14726244668925
"UMC","Economic",2018,1.31115708193058
"UMC","Economic",2019,0.327789270482644
"UMC","GeoConflict",2001,0.751895915119845
"UMC","GeoConflict",2002,0.478479218712629
"UMC","GeoConflict",2003,0.410125044610824
"UMC","GeoConflict",2004,0.888604263323453
"UMC","GeoConflict",2005,1.16202095973067
"UMC","GeoConflict",2006,1.29872930793428
"UMC","GeoConflict",2007,1.57214600434149
"UMC","GeoConflict",2008,1.7088543525451
"UMC","GeoConflict",2009,1.02531261152706
"UMC","GeoConflict",2010,1.23037513383247
"UMC","GeoConflict",2011,1.29872930793428
"UMC","GeoConflict",2012,1.23037513383247
"UMC","GeoConflict",2013,1.6405001784433
"UMC","GeoConflict",2014,2.73416696407216
"UMC","GeoConflict",2015,3.07593783458118
"UMC","GeoConflict",2016,1.84556270074871
"UMC","GeoConflict",2017,2.73416696407216
"UMC","GeoConflict",2018,2.73416696407216
"UMC","GeoConflict",2019,2.73416696407216
"UMC","GeoConflict",2020,3.2810003568866
"UMC","GeoConflict",2021,3.07593783458118
"UMC","GeoConflict",2022,3.4177087050902
"UMC","GeoConflict",2023,3.48606287919201
"UMC","Terror",2001,0.399322330245806
"UMC","Terror",2002,0.219907617124446
"UMC","Terror",2003,0.228629165678956
"UMC","Terror",2004,0.314598715716275
"UMC","Terror",2005,0.607393560046273
"UMC","Terror",2006,0.773102982581974
"UMC","Terror",2007,0.938189437363782
"UMC","Terror",2008,1.1313094410708
"UMC","Terror",2009,1.14688363491814
"UMC","Terror",2010,1.17616311935114
"UMC","Terror",2011,1.17927795812061
"UMC","Terror",2012,1.46522015715778
"UMC","Terror",2013,2.62767798592326
"UMC","Terror",2014,3.64249245701596
"UMC","Terror",2015,2.70866379392943
"UMC","Terror",2016,3.14411825390107
"UMC","Terror",2017,2.14425500890182
"UMC","Terror",2018,1.39607073647559
"UMC","Terror",2019,0.805497305784442
"UMC","Terror",2020,0.722019626762698
"UMC","Tech",2001,3.31736719443486
"UMC","Tech",2002,3.82160700798896
"UMC","Tech",2003,3.66237338265609
"UMC","Tech",2004,4.43200257176498
"UMC","Tech",2005,3.95430169576636
"UMC","Tech",2006,2.99889994376912
"UMC","Tech",2007,2.94582206865816
"UMC","Tech",2008,2.68043269310337
"UMC","Tech",2009,2.33542650488214
"UMC","Tech",2010,2.57427694288145
"UMC","Tech",2011,2.30888756732666
"UMC","Tech",2012,1.96388137910544
"UMC","Tech",2013,1.91080350399448
"UMC","Tech",2014,2.07003712932735
"UMC","Tech",2015,2.30888756732666
"UMC","Tech",2016,2.09657606688283
"UMC","Tech",2017,1.56579731577326
"UMC","Tech",2018,1.67195306599517
"UMC","Tech",2019,1.61887519088421
"UMC","Tech",2020,0.955401751997241
"UMC","Tech",2021,1.24733006510751
"UMC","Tech",2022,1.40656369044038
"UMC","Tech",2023,1.40656369044038
"UMC","Tech",2024,0.530778751109578
"LMC","Geophysical",2001,2.86505762035991
"LMC","Geophysical",2002,3.82007682714654
"LMC","Geophysical",2003,0.955019206786636
"LMC","Geophysical",2004,3.501737091551
"LMC","Geophysical",2005,3.18339735595545
"LMC","Geophysical",2006,2.54671788476436
"LMC","Geophysical",2007,0.955019206786636
"LMC","Geophysical",2008,1.91003841357327
"LMC","Geophysical",2009,1.59169867797773
"LMC","Geophysical",2010,0.63667947119109
"LMC","Geophysical",2011,3.18339735595545
"LMC","Geophysical",2012,1.59169867797773
"LMC","Geophysical",2013,2.22837814916882
"LMC","Geophysical",2014,1.91003841357327
"LMC","Geophysical",2015,3.501737091551
"LMC","Geophysical",2016,2.22837814916882
"LMC","Geophysical",2017,1.59169867797773
"LMC","Geophysical",2018,2.86505762035991
"LMC","Geophysical",2019,3.82007682714654
"LMC","Geophysical",2020,0.955019206786636
"LMC","Geophysical",2021,1.91003841357327
"LMC","Geophysical",2022,1.91003841357327
"LMC","Geophysical",2023,2.86505762035991
"LMC","Geophysical",2024,0.63667947119109
"LMC","Climate",2001,5.19572216686224
"LMC","Climate",2002,5.49093365361578
"LMC","Climate",2003,5.01859527481012
"LMC","Climate",2004,3.95583392249739
"LMC","Climate",2005,6.14039892447356
"LMC","Climate",2006,6.37656811387639
"LMC","Climate",2007,7.02603338473417
"LMC","Climate",2008,5.84518743772002
"LMC","Climate",2009,6.4356104112271
"LMC","Climate",2010,6.25848351917498
"LMC","Climate",2011,6.25848351917498
"LMC","Climate",2012,4.60529919335517
"LMC","Climate",2013,4.48721459865376
"LMC","Climate",2014,5.07763757216083
"LMC","Climate",2015,6.19944122182427
"LMC","Climate",2016,5.19572216686224
"LMC","Climate",2017,5.13667986951154
"LMC","Climate",2018,5.01859527481012
"LMC","Climate",2019,6.14039892447356
"LMC","Climate",2020,6.37656811387639
"LMC","Climate",2021,6.14039892447356
"LMC","Climate",2022,4.54625689600446
"LMC","Climate",2023,6.37656811387639
"LMC","Climate",2024,2.59786108343112
"LMC","Diseases",2001,0.613424709473862
"LMC","Diseases",2002,0.55765882679442
"LMC","Diseases",2003,0.724956474832746
"LMC","Diseases",2004,0.780722357512188
"LMC","Diseases",2005,0.83648824019163
"LMC","Diseases",2006,0.669190592153304
"LMC","Diseases",2007,0.613424709473862
"LMC","Diseases",2008,1.0595517709094
"LMC","Diseases",2009,2.7882941339721
"LMC","Diseases",2010,1.61721059770382
"LMC","Diseases",2011,0.613424709473862
"LMC","Diseases",2012,0.83648824019163
"LMC","Diseases",2013,0.390361178756094
"LMC","Diseases",2014,0.27882941339721
"LMC","Diseases",2015,0.669190592153304
"LMC","Diseases",2016,0.669190592153304
"LMC","Diseases",2017,0.724956474832746
"LMC","Diseases",2018,0.83648824019163
"LMC","Diseases",2019,1.50567883234493
"LMC","Diseases",2020,3.01135766468987
"LMC","Diseases",2021,3.8478459048815
"LMC","Diseases",2022,2.95559178201043
"LMC","Food",2001,2.1350507156603
"LMC","Food",2002,2.84673428754707
"LMC","Food",2003,0.711683571886767
"LMC","Food",2004,0.711683571886767
"LMC","Food",2005,1.42336714377353
"LMC","Food",2006,2.1350507156603
"LMC","Food",2007,1.42336714377353
"LMC","Food",2008,0.711683571886767
"LMC","Food",2009,2.1350507156603
"LMC","Food",2010,0.711683571886767
"LMC","Food",2011,3.55841785943383
"LMC","Food",2012,0
"LMC","Food",2013,1.42336714377353
"LMC","Economic",2001,5.38321387245934
"LMC","Economic",2002,4.73070310004002
"LMC","Economic",2003,4.5675754069352
"LMC","Economic",2004,3.75193694141105
"LMC","Economic",2005,3.58880924830622
"LMC","Economic",2006,3.4256815552014
"LMC","Economic",2007,3.09942616899174
"LMC","Economic",2008,3.26255386209657
"LMC","Economic",2009,3.26255386209657
"LMC","Economic",2010,2.61004308967725
"LMC","Economic",2011,2.2837877034676
"LMC","Economic",2012,2.2837877034676
"LMC","Economic",2013,1.95753231725794
"LMC","Economic",2014,2.44691539657243
"LMC","Economic",2015,3.26255386209657
"LMC","Economic",2016,2.93629847588691
"LMC","Economic",2017,3.09942616899174
"LMC","Economic",2018,2.93629847588691
"LMC","Economic",2019,1.1418938517338
"LMC","GeoConflict",2001,0.57356823306541
"LMC","GeoConflict",2002,0.544889821412139
"LMC","GeoConflict",2003,0.544889821412139
"LMC","GeoConflict",2004,0.774317114638303
"LMC","GeoConflict",2005,0.60224664471868
"LMC","GeoConflict",2006,0.57356823306541
"LMC","GeoConflict",2007,0.57356823306541
"LMC","GeoConflict",2008,0.60224664471868
"LMC","GeoConflict",2009,0.60224664471868
"LMC","GeoConflict",2010,0.458854586452328
"LMC","GeoConflict",2011,0.630925056371951
"LMC","GeoConflict",2012,0.57356823306541
"LMC","GeoConflict",2013,1.08977964282428
"LMC","GeoConflict",2014,1.86409675746258
"LMC","GeoConflict",2015,2.49502181383453
"LMC","GeoConflict",2016,1.46259899431679
"LMC","GeoConflict",2017,2.46634340218126
"LMC","GeoConflict",2018,2.40898657887472
"LMC","GeoConflict",2019,2.40898657887472
"LMC","GeoConflict",2020,2.5237002254878
"LMC","GeoConflict",2021,2.81048434202051
"LMC","GeoConflict",2022,2.98255481194013
"LMC","GeoConflict",2023,3.29801734012611
"LMC","Terror",2001,0.425392098525499
"LMC","Terror",2002,0.346657742074042
"LMC","Terror",2003,0.295112228138196
"LMC","Terror",2004,0.246398885297726
"LMC","Terror",2005,0.374413018808728
"LMC","Terror",2006,0.542077547654997
"LMC","Terror",2007,0.576630035018586
"LMC","Terror",2008,1.08925300328167
"LMC","Terror",2009,1.06206416076606
"LMC","Terror",2010,1.05526695013716
"LMC","Terror",2011,1.22519721585973
"LMC","Terror",2012,1.9553309242477
"LMC","Terror",2013,2.67753455356862
"LMC","Terror",2014,3.46317881542597
"LMC","Terror",2015,3.28588490485542
"LMC","Terror",2016,2.28612850818763
"LMC","Terror",2017,2.24138020488069
"LMC","Terror",2018,1.89698819968295
"LMC","Terror",2019,1.54013464166555
"LMC","Terror",2020,1.1708195308285
"LMC","Tech",2001,4.05235210410105
"LMC","Tech",2002,4.41772811348721
"LMC","Tech",2003,4.05235210410105
"LMC","Tech",2004,4.05235210410105
"LMC","Tech",2005,4.68345612031351
"LMC","Tech",2006,4.11878410580763
"LMC","Tech",2007,3.32160008532873
"LMC","Tech",2008,2.98944007679586
"LMC","Tech",2009,2.6240640674097
"LMC","Tech",2010,2.6240640674097
"LMC","Tech",2011,3.15552008106229
"LMC","Tech",2012,2.22547205717025
"LMC","Tech",2013,2.39155206143669
"LMC","Tech",2014,2.12582405461039
"LMC","Tech",2015,2.02617605205053
"LMC","Tech",2016,2.19225605631696
"LMC","Tech",2017,2.49120006399655
"LMC","Tech",2018,1.69401604351765
"LMC","Tech",2019,2.05939205290381
"LMC","Tech",2020,1.36185603498478
"LMC","Tech",2021,2.05939205290381
"LMC","Tech",2022,2.45798406314326
"LMC","Tech",2023,2.0926080537571
"LMC","Tech",2024,1.09612802815848
"LIC","Geophysical",2001,1.50136054449739
"LIC","Geophysical",2002,3.50317460382725
"LIC","Geophysical",2003,0.500453514832464
"LIC","Geophysical",2004,2.00181405932985
"LIC","Geophysical",2005,2.00181405932985
"LIC","Geophysical",2006,1.50136054449739
"LIC","Geophysical",2007,1.50136054449739
"LIC","Geophysical",2008,1.00090702966493
"LIC","Geophysical",2009,1.50136054449739
"LIC","Geophysical",2010,1.50136054449739
"LIC","Geophysical",2011,0.500453514832464
"LIC","Geophysical",2012,1.00090702966493
"LIC","Geophysical",2013,0.500453514832464
"LIC","Geophysical",2014,0
"LIC","Geophysical",2015,2.00181405932985
"LIC","Geophysical",2016,1.00090702966493
"LIC","Geophysical",2017,0
"LIC","Geophysical",2018,0.500453514832464
"LIC","Geophysical",2019,0
"LIC","Geophysical",2020,0
"LIC","Geophysical",2021,2.00181405932985
"LIC","Geophysical",2022,1.50136054449739
"LIC","Geophysical",2023,3.50317460382725
"LIC","Geophysical",2024,0
"LIC","Climate",2001,3.15143168380562
"LIC","Climate",2002,3.45888843344519
"LIC","Climate",2003,3.76634518308476
"LIC","Climate",2004,1.84474049783743
"LIC","Climate",2005,4.22753030754412
"LIC","Climate",2006,4.91930799423316
"LIC","Climate",2007,4.84244380682327
"LIC","Climate",2008,3.92007355790455
"LIC","Climate",2009,2.99770330898583
"LIC","Climate",2010,4.38125868236391
"LIC","Climate",2011,3.22829587121551
"LIC","Climate",2012,3.84320937049466
"LIC","Climate",2013,2.38278980970669
"LIC","Climate",2014,1.46041956078797
"LIC","Climate",2015,3.76634518308476
"LIC","Climate",2016,3.07456749639573
"LIC","Climate",2017,2.76711074675615
"LIC","Climate",2018,2.84397493416605
"LIC","Climate",2019,4.84244380682327
"LIC","Climate",2020,4.84244380682327
"LIC","Climate",2021,2.92083912157594
"LIC","Climate",2022,4.61185124459359
"LIC","Climate",2023,2.76711074675615
"LIC","Climate",2024,2.07533306006711
"LIC","Diseases",2001,1.87119839220317
"LIC","Diseases",2002,1.60388433617415
"LIC","Diseases",2003,1.33657028014512
"LIC","Diseases",2004,1.51477965083114
"LIC","Diseases",2005,1.42567496548813
"LIC","Diseases",2006,0.891046853430081
"LIC","Diseases",2007,1.0692562241161
"LIC","Diseases",2008,1.69298902151715
"LIC","Diseases",2009,2.04940776288919
"LIC","Diseases",2010,1.24746559480211
"LIC","Diseases",2011,0.712837482744065
"LIC","Diseases",2012,1.0692562241161
"LIC","Diseases",2013,0.980151538773089
"LIC","Diseases",2014,1.0692562241161
"LIC","Diseases",2015,0.44552342671504
"LIC","Diseases",2016,0.801942168087073
"LIC","Diseases",2017,1.24746559480211
"LIC","Diseases",2018,0.980151538773089
"LIC","Diseases",2019,1.96030307754618
"LIC","Diseases",2020,3.74239678440634
"LIC","Diseases",2021,4.63344363783642
"LIC","Diseases",2022,2.85134993097626
"LIC","Food",2001,1.45193254254738
"LIC","Food",2002,0.725966271273692
"LIC","Food",2003,0
"LIC","Food",2004,0
"LIC","Food",2005,0.725966271273692
"LIC","Food",2006,0
"LIC","Food",2007,0
"LIC","Food",2008,1.45193254254738
"LIC","Food",2009,0.725966271273692
"LIC","Food",2010,0.725966271273692
"LIC","Food",2011,1.45193254254738
"LIC","Food",2012,1.45193254254738
"LIC","Food",2013,3.62983135636846
"LIC","Economic",2001,5.16778251241454
"LIC","Economic",2002,5.16778251241454
"LIC","Economic",2003,4.98321885125688
"LIC","Economic",2004,4.79865519009922
"LIC","Economic",2005,4.79865519009922
"LIC","Economic",2006,4.42952786778389
"LIC","Economic",2007,3.50670956199558
"LIC","Economic",2008,3.32214590083792
"LIC","Economic",2009,3.32214590083792
"LIC","Economic",2010,2.95301857852259
"LIC","Economic",2011,3.13758223968026
"LIC","Economic",2012,2.76845491736493
"LIC","Economic",2013,2.39932759504961
"LIC","Economic",2014,2.95301857852259
"LIC","Economic",2015,3.69127322315324
"LIC","Economic",2016,3.8758368843109
"LIC","Economic",2017,2.95301857852259
"LIC","Economic",2018,2.76845491736493
"LIC","Economic",2019,1.84563661157662
"LIC","GeoConflict",2001,0.537392600801962
"LIC","GeoConflict",2002,0.394087907254772
"LIC","GeoConflict",2003,0.358261733867975
"LIC","GeoConflict",2004,0.42991408064157
"LIC","GeoConflict",2005,0.322435560481177
"LIC","GeoConflict",2006,0.465740254028367
"LIC","GeoConflict",2007,0.465740254028367
"LIC","GeoConflict",2008,0.609044947575557
"LIC","GeoConflict",2009,0.644871120962355
"LIC","GeoConflict",2010,0.644871120962355
"LIC","GeoConflict",2011,0.788175814509545
"LIC","GeoConflict",2012,0.967306681443532
"LIC","GeoConflict",2013,1.54052545563229
"LIC","GeoConflict",2014,1.79130866933987
"LIC","GeoConflict",2015,2.7944415241702
"LIC","GeoConflict",2016,1.61217780240589
"LIC","GeoConflict",2017,2.43617979030223
"LIC","GeoConflict",2018,2.22122274998144
"LIC","GeoConflict",2019,2.57948448384942
"LIC","GeoConflict",2020,2.68696300400981
"LIC","GeoConflict",2021,2.7944415241702
"LIC","GeoConflict",2022,2.8660938709438
"LIC","GeoConflict",2023,2.7944415241702
"LIC","Terror",2001,0.0661535808136236
"LIC","Terror",2002,0.0711567928079313
"LIC","Terror",2003,0.0950610278918457
"LIC","Terror",2004,0.0639299310383758
"LIC","Terror",2005,0.116741613200512
"LIC","Terror",2006,0.199572567328495
"LIC","Terror",2007,0.319093742748067
"LIC","Terror",2008,0.397477397325554
"LIC","Terror",2009,0.419713895078032
"LIC","Terror",2010,0.497541637211707
"LIC","Terror",2011,0.473081489683981
"LIC","Terror",2012,1.3380812522554
"LIC","Terror",2013,1.50374316051136
"LIC","Terror",2014,2.42322234257635
"LIC","Terror",2015,2.44045562833452
"LIC","Terror",2016,2.43767606611546
"LIC","Terror",2017,1.91122698182553
"LIC","Terror",2018,2.0768888900815
"LIC","Terror",2019,2.28257649429192
"LIC","Terror",2020,2.55830906642265
"LIC","Tech",2001,3.44508885417691
"LIC","Tech",2002,4.1899729307557
"LIC","Tech",2003,3.44508885417691
"LIC","Tech",2004,3.72442038289396
"LIC","Tech",2005,4.74863598818979
"LIC","Tech",2006,3.44508885417691
"LIC","Tech",2007,3.35197834460456
"LIC","Tech",2008,3.44508885417691
"LIC","Tech",2009,3.72442038289396
"LIC","Tech",2010,3.25886783503221
"LIC","Tech",2011,3.8175308924663
"LIC","Tech",2012,2.23465222973637
"LIC","Tech",2013,2.14154172016402
"LIC","Tech",2014,3.35197834460456
"LIC","Tech",2015,2.04843121059168
"LIC","Tech",2016,1.76909968187463
"LIC","Tech",2017,1.76909968187463
"LIC","Tech",2018,2.88642579674282
"LIC","Tech",2019,3.07264681588751
"LIC","Tech",2020,1.48976815315758
"LIC","Tech",2021,2.32776273930872
"LIC","Tech",2022,1.48976815315758
"LIC","Tech",2023,1.48976815315758
"LIC","Tech",2024,1.02421560529584
"Global","Geophysical",2001,4.06466357418996
"Global","Geophysical",2002,5.76919991175349
"Global","Geophysical",2003,5.50696355212833
"Global","Geophysical",2004,6.29367263100381
"Global","Geophysical",2005,4.32689993381512
"Global","Geophysical",2006,4.85137265306544
"Global","Geophysical",2007,3.54019085493964
"Global","Geophysical",2008,4.32689993381512
"Global","Geophysical",2009,3.27795449531448
"Global","Geophysical",2010,3.93354539437738
"Global","Geophysical",2011,4.72025447325286
"Global","Geophysical",2012,3.8024272145648
"Global","Geophysical",2013,4.4580181136277
"Global","Geophysical",2014,4.19578175400254
"Global","Geophysical",2015,3.93354539437738
"Global","Geophysical",2016,3.93354539437738
"Global","Geophysical",2017,3.27795449531448
"Global","Geophysical",2018,3.93354539437738
"Global","Geophysical",2019,4.58913629344028
"Global","Geophysical",2020,2.62236359625159
"Global","Geophysical",2021,4.72025447325286
"Global","Geophysical",2022,4.72025447325286
"Global","Geophysical",2023,4.72025447325286
"Global","Geophysical",2024,1.44229997793837
"Global","Climate",2001,6.80835615678783
"Global","Climate",2002,7.42368863743046
"Global","Climate",2003,6.31212028530183
"Global","Climate",2004,5.97467989269136
"Global","Climate",2005,7.82067733461925
"Global","Climate",2006,7.20534485397662
"Global","Climate",2007,7.62218298602485
"Global","Climate",2008,6.35181915502071
"Global","Climate",2009,6.33196972016127
"Global","Climate",2010,7.20534485397662
"Global","Climate",2011,5.8952821532536
"Global","Climate",2012,6.31212028530183
"Global","Climate",2013,5.8952821532536
"Global","Climate",2014,5.73648667437808
"Global","Climate",2015,7.08624824481998
"Global","Climate",2016,5.83573384867528
"Global","Climate",2017,6.33196972016127
"Global","Climate",2018,5.71663723951864
"Global","Climate",2019,7.20534485397662
"Global","Climate",2020,7.36414033285214
"Global","Climate",2021,7.86037620433813
"Global","Climate",2022,7.60233355116541
"Global","Climate",2023,7.26489315855494
"Global","Climate",2024,3.29500618666699
"Global","Diseases",2001,0.625600697125605
"Global","Diseases",2002,0.459625001969832
"Global","Diseases",2003,1.05969097676378
"Global","Diseases",2004,0.932017365105493
"Global","Diseases",2005,0.510694446633147
"Global","Diseases",2006,0.548996530130633
"Global","Diseases",2007,0.370253473809031
"Global","Diseases",2008,0.612833335959776
"Global","Diseases",2009,2.64284376132653
"Global","Diseases",2010,0.932017365105493
"Global","Diseases",2011,0.612833335959776
"Global","Diseases",2012,0.421322918472346
"Global","Diseases",2013,0.421322918472346
"Global","Diseases",2014,0.510694446633147
"Global","Diseases",2015,0.727739586452234
"Global","Diseases",2016,0.740506947618063
"Global","Diseases",2017,0.727739586452234
"Global","Diseases",2018,0.548996530130633
"Global","Diseases",2019,1.21289931075372
"Global","Diseases",2020,3.28121181961797
"Global","Diseases",2021,3.51102432060288
"Global","Diseases",2022,3.02586459630139
"Global","Food",2001,3.32049709148788
"Global","Food",2002,2.41490697562755
"Global","Food",2003,3.32049709148788
"Global","Food",2004,1.20745348781377
"Global","Food",2005,3.01863371953443
"Global","Food",2006,3.92422383539476
"Global","Food",2007,3.92422383539476
"Global","Food",2008,2.1130436036741
"Global","Food",2009,3.32049709148788
"Global","Food",2010,2.1130436036741
"Global","Food",2011,2.41490697562755
"Global","Food",2012,0.90559011586033
"Global","Food",2013,3.92422383539476
"Global","Economic",2001,5.26765591836601
"Global","Economic",2002,5.09773153390259
"Global","Economic",2003,4.47467545753672
"Global","Economic",2004,3.90826084265865
"Global","Economic",2005,3.68169499670742
"Global","Economic",2006,3.39848768926839
"Global","Economic",2007,3.05863892034155
"Global","Economic",2008,4.53131691902452
"Global","Economic",2009,4.02154376563426
"Global","Economic",2010,3.11528038182936
"Global","Economic",2011,3.28520476629278
"Global","Economic",2012,3.00199745885375
"Global","Economic",2013,2.49222430546349
"Global","Economic",2014,2.43558284397568
"Global","Economic",2015,3.34184622778059
"Global","Economic",2016,3.00199745885375
"Global","Economic",2017,2.49222430546349
"Global","Economic",2018,2.54886576695129
"Global","Economic",2019,1.24611215273174
"Global","GeoConflict",2001,0.638867281590022
"Global","GeoConflict",2002,0.605822422197434
"Global","GeoConflict",2003,0.726986906636921
"Global","GeoConflict",2004,1.03540559430107
"Global","GeoConflict",2005,1.04642054743193
"Global","GeoConflict",2006,1.07946540682452
"Global","GeoConflict",2007,1.10149531308624
"Global","GeoConflict",2008,1.16758503187142
"Global","GeoConflict",2009,1.05743550056279
"Global","GeoConflict",2010,1.01337568803934
"Global","GeoConflict",2011,1.07946540682452
"Global","GeoConflict",2012,1.10149531308624
"Global","GeoConflict",2013,1.61919811023678
"Global","GeoConflict",2014,2.31314015748111
"Global","GeoConflict",2015,2.97403734533286
"Global","GeoConflict",2016,1.79543736033058
"Global","GeoConflict",2017,2.83084295463165
"Global","GeoConflict",2018,2.80881304836992
"Global","GeoConflict",2019,2.92997753280941
"Global","GeoConflict",2020,3.08418687664148
"Global","GeoConflict",2021,3.21636631421183
"Global","GeoConflict",2022,3.3155008923896
"Global","GeoConflict",2023,3.33753079865132
"Global","Terror",2001,0.381745129393063
"Global","Terror",2002,0.265500936427985
"Global","Terror",2003,0.255897285374071
"Global","Terror",2004,0.23268846199378
"Global","Terror",2005,0.403353344264369
"Global","Terror",2006,0.551409631345536
"Global","Terror",2007,0.650247206775396
"Global","Terror",2008,0.960565181454978
"Global","Terror",2009,0.944959248492368
"Global","Terror",2010,0.965767159109181
"Global","Terror",2011,1.01538602288773
"Global","Terror",2012,1.70564844238777
"Global","Terror",2013,2.41031633846868
"Global","Terror",2014,3.39329003904945
"Global","Terror",2015,3.02875145112798
"Global","Terror",2016,2.81126876996957
"Global","Terror",2017,2.27366438701403
"Global","Terror",2018,1.97134945487938
"Global","Terror",2019,1.70804935515125
"Global","Terror",2020,1.68824182485255
"Global","Tech",2001,3.91769834154453
"Global","Tech",2002,4.34090649572372
"Global","Tech",2003,4.01443163392834
"Global","Tech",2004,4.30463151107979
"Global","Tech",2005,4.47391477275146
"Global","Tech",2006,3.6154068028451
"Global","Tech",2007,3.33729858724163
"Global","Tech",2008,3.143832002474
"Global","Tech",2009,2.78108215603469
"Global","Tech",2010,2.84154046377458
"Global","Tech",2011,2.95036541770637
"Global","Tech",2012,2.28532403256764
"Global","Tech",2013,2.30950735566359
"Global","Tech",2014,2.47879061733527
"Global","Tech",2015,2.45460729423932
"Global","Tech",2016,2.23695738637573
"Global","Tech",2017,2.06767412470405
"Global","Tech",2018,1.95884917077226
"Global","Tech",2019,2.05558246315608
"Global","Tech",2020,1.22125781634567
"Global","Tech",2021,1.82584089374452
"Global","Tech",2022,1.89839086303238
"Global","Tech",2023,1.82584089374452
"Global","Tech",2024,0.834324646810408
